,0,1
0,cg2_3.0_scaffold_355_c_23,MDQSNRYANLSLKEEDLIAGGQHMLVAYKLIPAKGYGFLEVAAHVAAESSTGTNVEVSTTDDFTRGVDALVYEIDETAFGDDPVTGGGLMKIAYPVPLFDPNLTDGHYNISHMWSLILGNNQGMGDHVGLRMLDFLVPECMMKKFDGPSTGIADLWKVLGRPEVDGGYIAGTIIKPKLGLRPEPFAKACYDFWLGGDFIKNDEPQANQPFCPMKVVIPKVAEVMDRAQQETGQAKLFSANATADFHGECIARGEYILGEFAKYGNEKHVAFLIDGFVTGPAGVTTARRAFPDTFLHFHRAGHGAVTSYKSPMGMDPLCYMKLVRLMGASGMHTGTMGYGKMEGHGKETVLAYMLERDECKGHYFNQKWYGMKPTAPIISGGMNALRLPGFFKNLGHGNVINTCGGGSFGHIDSPAAGGISLGQAYECWKSGTDPIEYAKTHKEFARAFESFPKDGDKLFPGWRDKLGVHK
1,cg2_3.0_scaffold_31_c_72,MDQSNRYADLSLKEEDLIAGGQHLLVAYKLIPAAGYGFLEVAAHIAAESSTGTNVEVSTTDDFTRGVDALVYEIDETAFGDHPVKGGGLMKVAYPVPLFDPNLTDGHYNVSHMWSLILGNNQGMGDHLGLRMLDFMVPECMIRKFDGPSTGISDLWKVLGRPEVDGGYIAGTIIKPKLGLRPEPFVKACYDFWLGGDFIKNDEPQANQPFCPMETVIPMVAETMDRVQQETGEAKLFSANATADYHVECKKRGDFILESFAKYGNEKHVAFLIDGFVTGPAGVTTARREFPDTFLHFHRAGHGALTSYKSPMGMDPLCYMKLARLQGASGIHVGTMGYGKMEGHGNETVLAYMIERDECMGHYFNQKWYGMKPTCPIISGGMNALRLPGFFENLGHGNLINTCGGGAFGHIDSPAAGATSLGQAYDCWKSGTDPIEYAKTHNEFARAFDSFPGDADKIYPNWREKIGAHK
2,cg1_0.2_scaffold_26_c_31,MDQSNRYANLSLNEADLIAGGKHLLVAYKLIPAKGYGFLEVAAHIAAESSTGTNVEVSTTDDFTRGVDALVYDIDETAFGDDRVTGGGLMKVAYPVELFDPNLTDGHYNVSHMWSLILGNNQGMGDHEGLRMLDFMVPECMIKKFDGPSAGIADLWKVLGRPEVDGGYISGTIIKPKLGLRPEPFAKACLDFWLGGDFIKNDEPQANQPFCPMKVVIPKVAEMMDKAQQETGNAKLFSANATADFHGECIARGEYILGEFAKYGNEKHVAFLIDGFVTGPAGVTTARRAFPDTFLHFHRAGHGAVTSYKSPMGMDPLCYMKLSRLQGASGIHTGTMGYGKMEGHGKETVLAYMLERDECMGHYFNQKWYGMKPTAPIISGGMNALRLPGFFENLGHGNVINTCGGGSFGHIDSPASGGKSLDQAYECWKSGADPIEFAKTHKEFARAFDSFPKDADKIFPGWRDKIGAHK
3,RIFOXYD2_FULL_Sideroxydans_59_7_rifoxyd2_full_scaffold_2548_3,VYEIDETAFGDDQVKGGGLMKIAYPVDLFDPNLTDGTYNISHLWSLILGNNQGMGDHQGLRMLDFLVPECMMKHFDGPSANISNLWKVLGRSETDGGYIAGTIIKPKLGLRPEPFAKACYDFWLGGDFIKNDEPQANQPFCPMEVVMPKVAEAMDRAQQETGQAKLFSANITADYHKEMIHRGDFVLNTFAKYNSANHVAFLVDGFVTGPAGVTTCRRAFPDTFLHFHRAGHGAVTSYKSPMGMDPLCYMKLVRLMGASGMHTGTMGYGKMEGHGKETVLAYMLERDECQGSYFNQKWYGMKATTPIISGGMNALRLPGFFQNLGHGNVINTCGGGSFGHIDSPAAGGISLGQAYDCWKTGSDPIEYAKTHKEFARAFESFPKDGDKLFPGWREKLGVHK
4,gi|500250725|ref|WP_011911067.1|,MDQSNRYARLDLKEADLIAGGRHVLCAYVMKPKAGYGYLETAAHFAAESSTGTNVEVSTTDDFTRGVDALVYEIDEARELMKIAYPVELFDRNIIDGRAMLCSFLTLTIGNNQGMGDVEYAKMHDFYVPPCYLRLFDGPSMNIADMWRVLGRSVTDGGMVVGTIIKPKLGLRPKPFADACYEFWLGGDFIKNDEPQGNQTFAPLKETIRLVADAMKRAQDETGEAKLFSANITADDHYEMVARGEYILETFGENADHVAFLVDGYVTGPAAITTARRQFPRQFLHYHRAGHGAVTSPQSMRGYTAFVLSKMARLQGASGIHTGTMGFGKMEGEAADRIMAFMLTDDAAQGPFYPQDWLGMKATTPIISGGMNALRLPGFFDNLGHSNVIQTSGGGAFGHLDGGTAGAKSLRQAHDAWKAGVDLVTYAREHRELARAFESFPADADRFHPGWREKLQLAGAA
5,gi|565827070|ref|WP_023911418.1|,MDQSNRYARLDLKEADLIAGGRHVLCAYVMKPKAGYGYLETAAHFAAESSTGTNVEVSTTDDFTRGVDALVYEIDPEKEIMKIAYPVELFDRNIIDGRAMLCSFLTLTIGNNQGMGDVEYAKMHDFYVPPCYLRLFDGPSMNIADMWRVLGRPVVDGGMVVGTIIKPKLGLRPKPFADACYEFWLGGDFIKNDEPQGNQTFAPLKETIRLVADAMKRAQDETGEAKLFSANITADDHYEMVARGEYILETFGENADHVAFLVDGYVTGPAAITTARRQFPRQFLHYHRAGHGAVTSPQSMRGYTAFVLSKMSRLQGASGIHTGTMGYGKMEGDASDKIMAYMLTDEAAQGPFYHQDWLGMKATTPIISGGMNALRLPGFFDNLGHSNVIQTSGGGAFGHLDGGTAGAKSLRQSCDAWKAGVDLVTYAKSHRELARAFESFPNDADKLYPGWRVALGVN
6,gi|941854097|ref|WP_055208325.1|,MDQSNRYARLDLKEADLIAGGRHVLCAYIMKPKAGYGYLETAAHFAAESSTGTNVEVSTTDDFTRGVDALVYEIDPEKEIMKIAYPVELFDRNIIDGRAMLCSFLTLTIGNNQGMGDVEYAKMHDFYVPPCYLRLFDGPSMNIADMWRVLGRPVVDGGMVVGTIIKPKLGLRPKPFADACYEFWLGGDFIKNDEPQGNQTFAPLKETIRLVADAMKRAQDETGEAKLFSANITADDHYEMVARGEYILETFGENADHVAFLVDGYVTGPAAITTARRSFPRQFLHYHRAGHGAVTSPQSMRGYTAFVLSKMSRLQGASGIHTGTMGYGKMEGDASDKIMAYMLTDEAAQGPFYHQDWLGMKATTPIISGGMNALRLPGFFDNLGHSNVIQTSGGGAFGHLDGGTAGAKSLRQSCDAWKAGVDLVTYAKSHRELARAFESFPNDADKLYPGWRVALGVN
7,gi|1468441691|ref|WP_117345184.1|,MDQSNRYARLDLREADLIAGGRHVLCAYVMKPKAGYGYLETAAHFAAESSTGTNVEVSTTDDFTRGVDALVYEIDEARELMKIAYPVELFDRNIIDGRAMLCSFLTLTIGNNQGMGDVEYAKMHDFYVPPCYLRLFDGPSMNIADMWRVLGRSVTDGGMVVGTIIKPKLGLRPKPFADACYEFWLGGDFIKNDEPQGNQTFAPLKETIRLVADAMKRAQDETGEAKLFSANITADDHYEMVARGEYILETFGENADHVAFLVDGYVTGPAAITTARRQFPRQFLHYHRAGHGAVTSPQSMRGYTAFVLSKMARLQGASGIHTGTMGFGKMEGEAADRIMAFMLTDDAAQGPFYPQDWLGMKATTPIISGGMNALRLPGFFDNLGHSNVIQTSGGGAFGHLDGGTAGAKSLRQAHDAWKAGVDLVTYAREHRELARVFESFPADADRFHPGWREKLQLAGAA
8,gi|1124254502|ref|WP_074553303.1|,MDQSNRYARLDLKEADLIAGGRHVLCAYVMKPKAGYGYLETAAHFAAESSTGTNVEVSTTDDFTRGVDALVYEIDPDKEIMKIAYPVELFDRNIIDGRAMLCSFLTLTIGNNQGMGDVEYAKMHDFYVPPCYLRLFDGPSMNIADMWRVLGRPVVDGGMVVGTIIKPKLGLRPKPFADACYEFWLGGDFIKNDEPQGNQTFAPLKETIRLVADAMKRAQDETGEAKLFSANITADDHYEMVARGEYILETFGENADHVAFLVDGYVTGPAAITTARRSFPRQFLHYHRAGHGAVTSPQSMRGYTAFVLSKMSRLQGASGIHTGTMGYGKMEGDASDKIMAYMLTDEAAQGPFYHQDWLGMKATTPIISGGMNALRLPGFFDNLGHSNVIQTSGGGAFGHLDGGTAGAKSLRQSCDAWKAGVDLVTYAKSHRELARAFESFPNDADKLYPGWRVALGVN
9,gi|1254096302|ref|WP_097030133.1|,MDQSNRYARLDLREADLIAGGRHVLCAYVMKPKAGYGYLETAAHFAAESSTGTNVEVSTTDDFTRGVDALVYEIDEARELMKIAYPVELFDRNIIDGRAMLCSFLTLTIGNNQGMGDVEYAKMHDFYVPPCYLRLFDGPSMNIADMWRVLGRDVRDGGMVVGTIIKPKLGLRPKPFADACYEFWLGGDFIKNDEPQGNQTFAPLKETIRLVADAMKRAQDETGEAKLFSANITADDHYEMVARGEYILETFGENADHVAFLVDGYVTGPAAITTARRSFPRQFLHYHRAGHGAVTSPQSMRGYTAFVLSKMSRLQGASGIHTGTMGYGKMEGEAADKIMAFMLTDDAAQGPFYHQDWLGMKATTPIISGGMNALRLPGFFDNLGHSNVIQTSGGGAFGHLDGGTAGAKSLRQAHDAWKSGVDLVTYAKGHRELARAFESFPNDADKFYPGWREALGRG
10,gi|1402954022|ref|WP_110804070.1|,MDQSNRYARLDLKEADLIAGGRHVLCAYIMKPKAGYGYLETAAHFAAESSTGTNVEVSTTDDFTRGVDALVYEIDPAKEIMKIAYPVELFDRNIIDGRAMLCSFLTLTIGNNQGMGDVEYAKMHDFYVPPCYLRLFDGPSMNIADMWRVLGRDVKDGGMVVGTIIKPKLGLRPKPFADACYEFWLGGDFIKNDEPQGNQTFAPLKETIRLVADAMKRAQDETGEAKLFSANITADDHYEMVARGEYILETFGENADHVAFLVDGYVTGPAAITTARRSFPRQFLHYHRAGHGAVTSPQSMRGYTAFVLSKMSRLQGASGIHTGTMGYGKMEGDASDKIMAYMLTDEAAQGPFYHQDWLGMKATTPIISGGMNALRLPGFFDNLGHSNVIQTSGGGAFGHVDGGTAGAKSLRQSCDAWKAGVDLVTYAKSHRELARAFESFPTDADKLYPGWRDALGVK
11,gi|488811507|ref|WP_002723913.1|,MDQSNRYARLDLKEADLIAGGRHVLCAYVMKPKAGYGYLETAAHFAAESSTGTNVEVSTTDDFTRGVDALVYEIDPEKEIMKIAYPVELFDRNIIDGRAMLCSFLTLTIGNNQGMGDVEYAKMHDFYVPPCYLRLFDGPSMNIADMWRVLGRDVRNGGMVVGTIIKPKLGLRPKPFADACHEFWLGGDFIKNDEPQGNQTFAPLKETIRLVADAMKRAQDETGEAKLFSANITADDHYEMVARGEYILETFGENADHVAFLVDGYVTGPAAITTARRQFPRQFLHYHRAGHGAVTSPQSMRGYTAFVLSKMARLQGASGIHTGTMGYGKMEGEAADKIMAYMLTDEAAEGPFYRQDWLGLKATTPIISGGMNALRLPGFFDNLGHSNVIQTSGGGAFGHLDGGTAGAKSLRQSHEAWMAGVDLVTYAREHRELARAFESFPADADKFYPGWRDRLQRAA
12,gi|1378859340|ref|WP_107672544.1|,MDQSNRYARLDLKEADLIAGGRHVLCAYVMKPKAGYGYLETAAHFAAESSTGTNVEVSTTDDFTRGVDALVYEIDPAKEIMKIAYPVELFDRNIIDGRAMLCSFLTLTIGNNQGMGDVEYAKMHDFWVPPCYLRLFDGPSMNIADMWRVLGRDVRDGGMVVGTIIKPKLGLRPKPFADACYEFWLGGDFIKNDEPQGNQTFAPLKETIRLVADAMKRAQDETGEAKLFSANITADDHYEMVARGEYILETFGENADHVAFLVDGYVTGPAAITTARRQFPHQFLHYHRAGHGAVTSPQSMRGYTAFVLSKMSRLQGASGIHTGTMGYGKMEGDASDKIMAYMLTDDAAQGPFYHQDWLGMKPTTPIISGGMNALRLPGFFDNLGHSNVIQTSGGGAFGHVDGGTAGAKSLRQSCDAWKAGVDLVTYAKDHRELARAFESFQSDADKLYPGWREKLGVA
13,gi|1524734195|ref|WP_124257644.1|,MDQSNRYARLDLKEADLIAGGRHVLCAYVMKPKAGYGFLETAAHFAAESSTGTNVEVSTTDDFTRGVDALVYEIDPEKEIMKIAYPVELFDRNIIDGRAMLCSFLTLTIGNNQGMGDVEYAKMHDFYVPPCYLRLFDGPSMNIADMWRVLGRDVRNGGMVVGTIIKPKLGLRPKPFADACHEFWLGGDFIKNDEPQGNQTFAPLKETIRLVADAMKRAQDETGEAKLFSANITADDHYEMVARGEYILETFGENADHVAFLVDGYVTGPAAITTARRQFPRQFLHYHRAGHGAVTSPQSMRGYTAFVLSKMARLQGASGIHTGTMGYGKMEGEAADKIMAYMLTDEAAEGPFYRQDWLGLKATTPIISGGMNALRLPGFFDNLGHSNVIQTSGGGAFGHLDGGTAGAKSLRQSHEAWMAGVDLVTYAREHRELARAFESFPADADKFYPGWRDRLQRAA
14,gi|1444650860|ref|WP_115472589.1|,MDQSNRYARLDLKEADLIEGGRHVLCAYVMKPKAGYGYLETAAHFAAESSTGTNVEVSTTDDFTRGVDALVYEINPEKEIMKIAYPVELFDRNIIDGRAMLCSFLTLTIGNNQGMGDVEYAKMHDFYVPPCYLRLFDGPSMNIADMWRVLGRDVRNGGMVVGTIIKPKLGLRPKPFADACHEFWLGGDFIKNDEPQGNQTFAPLKETIRLVADAMKRAQDETGEAKLFSANITADDHYEMVARGEYILETFGENADHVAFLVDGYVTGPAAITTARRQFPRQFLHYHRAGHGAVTSPQSMRGYTAFVLSKMARLQGASGIHTGTMGYGKMEGEAADKIMAYMLTDDAAEGPFYRQDWLGLKATTPIISGGMNALRLPGFFDNLGHSNVIQTSGGGAFGHLDGGTAGAKSLRQSHEAWMAGVDLVTYAREHRELARAFESFPADADKFYPGWRDRLQRAA
15,gi|1477060631|ref|WP_119004344.1|,MDQSNRYARLDLQEADLIEGGRHVLCAYVMKPKAGYGYLETAAHFAAESSTGTNVEVSTTDDFTRGVDALVYEIDPEKEIMKIAYPVELFDRNIIDGRAMLCSFLTLTIGNNQGMGDVEYAKMHDFYVPPCYLRLFDGPSMNIADMWRVLGRDVRNGGMVVGTIIKPKLGLRPKPFADACHEFWLGGDFIKNDEPQGNQTFAPLKETIRLVADAMKRAQDKTGEAKLFSANITADDHYEMVARGEYILETFGENADHVAFLVDGYVTGPAAITTARRQFPRQFLHYHRAGHGAVTSPQSMRGYTAFVLSKMARLQGASGIHTGTMGYGKMEGEAADKIMAYMLTDDAAEGPFYRQDWLGLKATTPIISGGMNALRLPGFFDNLGHSNVIQTSGGGAFGHLDGGTAGAKSLRQSHEAWMAGVDLVTYAREHRELARAFESFPADADKFYPGWRDRLQRAA
16,gi|1384078038|ref|WP_108643609.1|,MDQSNRYARLDLKEADLIAGGRHVLCAYVMKPKAGYGYLETAAHFAAESSTGTNVEVSTTDDFTRGVDALVYEIDPAKEIMKIAYPVELFDRNIIDGRAMLCSFLTLTIGNNQGMGDVEYAKMHDFWVPPCYLRLFDGPSMNIADMWRVLGRDVRDGGMVVGTIIKPKLGLRPKPFADACYEFWLGGDFIKNDEPQGNQTFAPLKETIRLVADAMKRAQDATGEAKLFSANITADDHYEMVARGEYILETFGENADHVAFLVDGYVTGPAAITTARRQFPHQFLHYHRAGHGAVTSPQSMRGYTAFVLSKMSRLQGASGIHTGTMGYGKMEGDASDKIMAYMLTDDAAQGPFYHQDWLGMKPTTPIISGGMNALRLPGFFDNLGHSNVIQTSGGGAFGHVDGGTAGAKSLRQSCDAWKAGVDLVTYAKDHRELARAFESFQSDADKLYPGWREKLGVA
17,gi|1134241966|ref|WP_076483499.1|,MDQSNRYARLDLNEADLIAGGRHVLCAYIMKPKAGYGYLETAAHFAAESSTGTNVEVSTTDDFTRGVDALVYEIDPDKELMKIAYPVELFDRNIIDGRAMLCSFLTLTIGNNQGMGDVEYAKMHDFYVPPAYLRLFDGPSMNIADMWRVLGRDVNDGGMVVGTIIKPKLGLRPQPFADACYEFWLGGDFIKNDEPQGNQTFAPLKETIRLVADAMKRAQDETGEAKLFSANITADDHYEMVARGEYILETFGENADHVAFLVDGYVTGPAAITTARRSFPRQFLHYHRAGHGAVTSPQSMRGYTAFVLSKMSRLQGASGIHTGTMGYGKMEGEAADKIMAFMLTDEAAMGPYYHQDWLGMKATTPIISGGMNALRLPGFFDNLGHSNVIQTSGGGAFGHLDGGTAGAISLRQAHDAWKAGVDLVTYAKEHKELARAFESFAHDSDKLYPGWRDALGVA
18,gi|400931|sp|P29278.3|RBL2_RHOSH,MDQSNRYARLDLQEADLIAGGRHVLCAYVMKPKAGYGYLETAAHFAAESSTGTNVEVSTTDDFTRGVDALVYEIDPEKEIMKIAYPVELFDRNIIDGRAMLCSFLTLTIGNNQGMGDVEYAKMHDFYVPPCYLRLFDGPSMNIADMWRVLGRDVRNGGMVVGTIIKPKLGLRPKPFADACHEFWLGADFIKNDEPQGNQTFAPLKETIRLVADAMKRAQDETGEAKLFSANITADDHYEMVARGEYILETFGENADHVAFLVDGYVTGPAAITTARRQFPRQFLHYHRAGHGAVTSPQSMRGYTAFVLSKMARLQGASGIHTGTMGYGKMEGEAADKIMAYMLTDEAAEGPFYRQTGWGSKATTPIISGGMNALRLPGFFDNLGHSNVIQTSGGGAFGHLDGGTAGAKSLRQSHEAWMAGVDLVTYAREHRELARAFESFPADADKFYPGWRDRLHRAA
19,gi|1498313314|gb|RMH52320.1|,MDQSNRYSDLSLKEEDLIAGGRHLLAAYRLLPKPGNGFLATAAHVAAESSTGTNVEVCTTDDFTRGVDALVYEIDENAFGEQGGLIKIAYPVELFDRNLLDGKHGVAHMTSLIIGNNQGMGDIIGLRLLDFMVPECMIRNFDGPNANIVDMWRVLGRPEKDGGYIAGTIIKPKLGLRPEPFAKACYDFWLGGTFIKNDEPQANQSFCPMKEVIPLVAEAMDRAQQESGEAKLFSANITADDPEEMVARGNFILEAFGKYGNEKHVAFLVDGFVAGPVGITTARRRFPDTFLHYHRAGHGMATSEVNPRGYTMLCHMKMARLMGASGIHTGTMGYGKMEGGRDDRVLAYMLERDECQGPYFHQKWHGMKATTPIISGGMNALRLVGFFENLGHANVINTCGGGAFGHIDGPAAGGKSLDQAYQCWKEGADPIEFAKEHKEFARAFESFPWDADKLFPGWREKLGVHA
20,gi|1498172818|gb|RMG30778.1|,MDQSSRYSDLSLKEEDLIAGGRHLLVAYRLKPAPGHKFLAVAAHVAAESSTGTNVEVSTTDDFTRGVDALVYEIDENAFGEAGGLVKIAYPVELFDHNLIDDKHSVAHMWSLILGNNQGMSDHVGLRMLDFFVPECMIRKFDGPTTNITHMWKVMGRPEKDGGYIAGTIIKPKLGLRPEPFAKACYEFWLGGTFIKNDEPQANQSFCPMKEVIPLVAQAMDRAQQETGEAKLFSANITADFFAEMIARGEYILNEFAKYGNEEHVAFLVDGFVAGPAGITTARRYFPQTFLHFHRAGHGAVTSYKSPLGMDPICYMKMARLMGASGIHTGTMGYGKMEGHKDERVLAYMLERDECQGPYFYQKWYGMKATTPIISGGMNALRLPGFFDNLGHANVINTCGGGSFGHIDGPAAGGKSLIQAWECWKEGIDPIECAKQHREFARAFESFPHDADKLYPGWREKLGVKVA
21,gi|1498177082|gb|RMG34467.1|,MALDQSNRYSDLTLKEEDLIAGDRHLLVAYRLKPAEGHGFLTVAAHVAAESSTGTNVEVSTTDDFTRGVDALVYEIDENAFGDAGGLVKIAYPVELFDHNLIDDKHGVAHMWSLILGNNQGMGDHVGLRMLDFYVPECMIRKFDGPATNISHMWKVMGRPETDGGYVAGTIIKPKLGLRPEPFAKACYDFWLGGTFIKNDEPQANQTFCPMKEVIPLVAEAMDRAQQETGEAKFFSANITADFFAEMIARGEYILNEFAKYGNEEHVAFLVDGFVAGPAGITTARRYFPSTFLHFHRAGHGSLTSYKSPMGMDPLCYMKMSRLMGASGIHTGTMGYGKMEGHKDERVLAYMLERDECQGPYFYQKWHGMKATTPIISGGMNALRLIGFFENLGHANVINTCGGGSFGHIDGPAAGGKSLIQAWECWKAGADPIEWAKEHREFARAFESFPHDADQLFPGWREKLGVAAA
22,gi|1280941519|ref|WP_100265183.1|,MDQSNRYANLSLNEADLIAGGKHLLVAYKLKPAPGYGFLEVAAHVAAESSTGTNVEVSTTDDFTRGVDALVYEVDETAFGDDRVTGGGLMKIAYPVELFDINITDGQYMISQMYSLILGNNQGMGDHAGLRMLDFMVPECMIKKFDGPATNISDLWKLLGRPEVDGGYIAGTIIKPKLGLRPEPFARACYEFWLGGDFIKNDEPQGNQTFCPMKTVLPLVAETMDRVQQETGEVKIFSANVTADCYKELIARGDYILETFGKYGNEKHVAFLVDGVVTGVHGVTTCRREFPDTFLHYHRAGHGAFTSYKSPMGMDPLCHMKFARLMGASGIHTGTMGYGKMEGHGNETVLAYMLERDECQGNYFYQKWYGMKATTPIISGGMNALRLPGFFENLGHGNVINTCGGGSFGHIDSPAAGATSLSQAYECWKSGQDPIEYAKTHNEFARAFDSFPKDADKIFPDWREKLGSHK
23,gi|1498271203|gb|RMH14716.1|,MALDQSNRYSDLSLKEEELIANDSHLLVAYKLKPAEGHGFLQVAAHVAAESSTGTNVEVSTTDDFTRGVDALVYEIDENAFGDAGGLMKVAYPVDLFDPNLTDGQYNVSHMWSLILGNNQGMGDHVGLRMLDFYVPECMIKRFDGPSANITNLWKVLGRPEVDGGYIAGTIIKPKLGLRPEPFAKACYDFWLGGTFIKNDEPQANQPFCPMKEVIPLVAQAMDKAQQETGEAKLFSANATADYHAECIARGEYILSEFAKYGNEDHVAFLIDGFVTGPAGITTARRAFPDTFLHFHRAGHGAVTSYKSPMGMDPLCYMKLARLMGASGIHTGTMGYGKMEGHAGETVLAYMLERDECQGPYFYQKWHGMKATTPIISGGMNALRLIGFFENLGHGNLINTCGGGSFGHIDSPAAGGKSLDQAYQCWKEGADPIEFAKTHEEFARAFESFPQDADQLFPGWREKLGVHA
24,gi|1498196442|gb|RMG51672.1|,MALDQSSRYANLDLNEDELIANDRHLLVAYRLKPAAGHDFLAVAAHVAAESSTGTNVEVSTTDDFTRGVDALVYEIDPNAFGEDGGLVKIAYPVELFDHNLIDDKHGVAHMWSLILGNNQGMGDHVGLRMLDFYVPEQMIRKFDGPATNISHMWKVMGRPEVDGGYIAGTIIKPKLGLRPEPFAKACYDFWLGGTFIKNDEPQANQTFCPMKEVIPLVAEAMDRAQQETGEAKFFSANITADFFAELIARGEYILNEFAKYGNEEHVAFLVDGFVAGPAGVTTARRYFPSTFLHFHRAGHGSLTSYKSPMGMDPLCYMKLSRLMGASGIHTGTMGYGKMEGHKDERVLAYMLERDECQGPYFNQKWHGMKATTPIISGGMNALRLIGFFENLGHANVINTCGGGSFGHIDGPAAGGKSLIQAWECWKAGADPIEWAKEHREFARAFESFPHDADKLFPGWREKLGVQAA
25,gi|1057283888|ref|WP_068647475.1|,MDQSNRYADLTLSEEKLIADGNHLLVAYRLKPAAGYGFLEVAAHVAAESSTGTNVEVSTTDDFTRGVDALVYEIDEAAFGDKGGLMKIAYPVDLFDPNLIDGHYNVSHMWSLILGNNQGMGDHEGLRMLDFMVPEQMVKKFDGPATDISDLWKVLGRPEVDGGYIAGTIIKPKLGLRPEPFAKACYDFWLGGDFIKNDEPQANQPFCPMETVIPMVAETMDRAQQETGEAKLFSANVTADFHEEMIKRGEYILGEFAKYGNEKHVAFLVDGFVTGPAGVTTARRNFPDTYLHFHRAGHGALTSYKSPMGMDPLCYMKLARLMGASGIHTGTMGYGKMEGHGDERVLAYMLERDECQGHYFNQKWYGMKPTTPIISGGMNALRLPGFFENLGHGNVINTCGGGSFGHIDSPAAGGTSLGQAYECWKTGADPIEYAKEHPEFARAFESFPSDADKIFPGWREKLGVHK
26,gi|659893037|ref|WP_029939712.1|,MDQSNRYADLTLSEEKLIADGNHLLVAYRLKPAAGYGFLEVAAHVAAESSTGTNVEVSTTDDFTRGVDALVYEVDEAAFGDKGGLMKIAYPVDLFDPNLIDGHYNVSHMWSLILGNNQGMGDHEGLRMLDFLVPEQMVKKFDGPATDISDLWKVLGRPEVDGGYIAGTIIKPKLGLRPEPFAKACYDFWLGGDFIKNDEPQANQPFCPMETVIPMVAETMDRAQQETGEAKLFSANVTADFHEEMIKRGEYILGEFAKYGNEKHVAFLVDGFVTGPAGVTTARRNFPDTYLHFHRAGHGALTSYKSPMGMDPLCYMKLARLMGASGIHTGTMGYGKMEGHGDERVLAYMLERDECQGHYFYQKWYGMKPTTPIISGGMNALRLPGFFENLGHGNVINTCGGGSFGHIDSPAAGGTSLGQAYECWKTGADPIEYAKEHPEFARAFESFPSDADKIFPGWREKLGVHK
27,gi|657350008|ref|WP_029406688.1|,MDQSNRYADLTLKEDDLVANGNHLLVAYRLKPAAGYGFLEVAAHIAAESSTGTNVEVSTTDDFTRGVDALVYDIDEAAFGEKGGLMKVAYPVELFDPNLTDGIYNVSHMWSLILGNNQGMGDHEGLRMLDFLVPEQMVKKFDGPATDISDLWKVLGRPEVDGGYIAGTIIKPKLGLRPEPFAKACYDFWLGGDFIKNDEPQANQPFCPMEVVIPKVAEAMDRAQQATGEAKLFSANVTADFHGEMIHRGEYVLSEFAKYGNEKHVAFLVDGFVTGPAGVTTSRRAFPDTYLHFHRAGHGALTSYKSPMGMDPLCYMKLARLMGASGIHTGTMGYGKMEGHSGETVLAYMLERDECQGPYFYQKWHGMKPTTPIISGGMNALRLPGFFENLGHGNVINTCGGGAFGHIDSPAAGGLSLGQAYDCWKTGADPIEYAKEHPEFARAFESFPGDADKIFPDWREKLGVHK
28,gi|640286546|ref|WP_024851801.1|,MDQSNRYADLTLTEEKLVADGNHLLVAYRLKPAAGYGFLEVAAHVAAESSTGTNVEVSTTDDFTRGVDALVYEIDEAAFGDKGGLMKIAYPVDLFDPNLIDGIYNVSHMWSLILGNNQGMGDHEGLRMLDFLVPESMVKRFDGPATDISDLWKILGRPEVDGGYIAGTIIKPKLGLRPEPFAKACYDFWLGGDFIKNDEPQANQPFCPMEVVIPKVAEAMDRAQQATGQAKLFSANVTADFHEEMIKRGEYVLSEFAKYGNEKHVAFLVDGFVTGPAGVTTSRRAFPDTYLHFHRAGHGALTSYKSPMGMDPLCYMKLARLMGASGIHTGTMGYGKMEGHNDERVLAYMLERDECQGPYFYQKWYGMKPTTPIISGGMNALRLPGFFENLGHGNVINTCGGGSFGHIDSPAAGGISLGQAYDCWKTGADPIEYAKEHPEFARAFESFPGDADKIFPDWREKLGVHK
29,gi|1011805430|ref|WP_062625813.1|,MDQSNRYANLNLKEADLIAGGKHLLVAYKLIPAKGYGFLEVAAHVAAESSTGTNVEVSTTDDFTRGVDALVYEVDETAFGDDPVKGGGLFKVAYPVELFDPNLTDGTYNISHMWSLILGNNQGMGDHQGLRMLDFLVPEMMVRKFDGPSANITNLWKVLGRSETDGGYIAGTIIKPKLGLRPEPFAKACYDFWLGGDFIKNDEPQANQPFCPMEVVMPKVAEAMDRAQQATGQAKLFSANITADYYKEMIHRGDYVLNTFAKYNSASHVAFLVDGFVTGPAGVTTARREFPDTFLHFHRAGHGAVTSYKSPMGMDPLCYMKLVRLMGASGMHTGTMGYGKMEGHGKETVLAYMLERDECQGPYFYQKWYGMKATTPIISGGMNALRLPGFFQNLGHGNVINTCGGGSFGHIDSPAAGGISLGQSYECWKTGADPIEYAKTHKEFARAFESFPKDSDKLFPGWREKLGVHK
30,gi|1325972972|ref|WP_101841124.1|,MDQSNRYADLSLNEDDLIAGGNHLLVAYRLKPAPGYGFLEVAAHVAAESSTGTNVEVSTTDDFTRGVDALVYEVDEAAFGDKGGLMKIAYPVDLFDPNLIDGFYNVSHMWSLILGNNQGMGDHEGLRMLDFMVPETMVKKFDGPATDISDLWRVLGRPEVDGGYIAGTIIKPKLGLRPEPFAKACYDFWLGGDFIKNDEPQANQPFCPMEVVIPKVAEAMDRAQQATGQAKLFSANVTADFHGEMIKRGEYILGEFAKYGNEKHVAFLVDGFVTGPAGVTTARRAFPDTYLHFHRAGHGAVTSYKSPMGMDPLCYMKLARLMGASGIHTGTMGYGKMEGHAGETVLAYMLERDECQGPYFYQKWYGMKPTTPIISGGMNALRLPGFFENLGHGNVINTCGGGSFGHIDSPAAGGISLGQAYECWKTGADPIEYAKEHPEFARAFESFPHDADKIFPDWREKLGVHK
31,gi|750444659|ref|WP_040726535.1|,MDQSNRYADLTLSEEKLIADGNHLLVAYRLKPAAGYGFLEVAAHVAAESSTGTNVEVSTTDDFTRGVDALVYEIDEAAFGEKGGLMKIAYPVPLFDPNLIDGFYNVSHMWSLILGNNQGMGDHEGLRMLDFLVPEQMVKKFDGPATDISDLWRVLGRPEVDGGYIAGTIIKPKLGLRPEPFAKACYDFWLGGDFIKNDEPQANQPFCPMETVIPMVAETMDRAQQATGQAKLFSANVTADWHTEMIKRGDYILEQFAKYGNEKHVAFLVDGFVTGPAGVTTARRAFPDTYLHFHRAGHGALTSYKSPMGMDPLCYMKLSRLMGASGIHTGTMGYGKMEGHGDERVLAYMLERDECQGHYFYQKWYGMKPTTPIISGGMNALRLPGFFENLGHGNVINTCGGGSFGHIDSPAAGGISLGQAYDCWKTGADPIEYAKEHPEFARAFESFPGDADKIYPDWREKLGVHK
32,gi|740300365|ref|WP_038137960.1|,MDQSNRYADLTLTEEQLVADGNHLLVAYRLKPAAGYGFLEVAAHIAAESSTGTNVEVSTTDDFTRGVDALVYEIDEAAFGDKGGLMKVAYPVDLFDPNLIDGHYNVSHLWSLILGNNQGMGDHEGLRMLDFLVPEKMIKRFDGPATDISDLWKVLGRPEVDGGYIAGTIIKPKLGLRPEPFAKACYDFWLGGDFIKNDEPQANQNFCPMEVVIPKVAEAMDRAQQATGEAKLFSANITADFHGEMIKRGEYVLSEFAKYGNEKHLAFLVDGFVTGPAGVTTSRRAFPDTYLHFHRAGHGALTSYKSPMGMDPLCYMKLSRLMGASGIHTGTMGYGKMEGHNDERVLAYMLERDECQGPYFYQKWYGMKPTTPIISGGMNALRLPGFFENLGHGNVINTCGGGSFGHIDSPAAGGLSLGQAYDCWKTGADPIEYAKEHPEFARAFESFPGDADKLYPNWREKLGVHK
33,gi|1553003465|ref|WP_127470167.1|,MDQSNRYADLMLKEENLIADDNHLLVAYRLKPAPGYGFLEVAAHIAAESSTGTNVEVSTTDDFTRGVDALVYEIDEVAFGEKGGLMKVAYPVALFDPNLTDGIYNISHMWSLILGNNQGMGDHEGLRMLDFYVPEKMVKRFDGPATDISDLWKVLGRPEVDGGYIAGTIIKPKLGLRPEPFAKACYDFWLGGDFIKNDEPQANQDFCPMKTVIPLVAETMERAQQATGQAKLFSANITADFHGEMIHRGEFILNEFAKYGNEKHVAFLVDGFVTGPAGVTTARRAFPDTYLHFHRAGHGALTSYKSPMGMDPLCYMKLARLMGASGIHTGTMGYGKMEGHSGETVLAYMLERDECQGTYFYQKWYGMKPTTPIISGGMNALRLPGFFENLGHGNVINTCGGGSFGHIDSPAAGGISLGQAYDCWKTGADPIEYAKEHPEFARAFESFPSDADKYYPGWREKLGAHK
34,gi|503057046|ref|WP_013292022.1|,MDQSNRYANLNLKEEDLIKNGKHLLVAYKLIPAKGHGFLEVAAHVAAESSTGTNVEVSTTDDFTRGVDALVYEIDETAFGDDIVKGGGLFKVAYPVELFDPNLTDGTYNISHMWSLILGNNQGMGDHQGLRMLDFLVPEMMVRKFDGPSANISNLWKVLGRSETDGGYIAGTIIKPKLGLRPEPFAKACYDFWLGGDFIKNDEPQANQPFCPMEVVMPKVAEAMDRAQQETGQAKLFSANITADYYKEMIHRGDFVLETFAKYNSASHVAFLVDGFVTGPAGVTTCRREFPDTFLHFHRAGHGAVTSYKSPMGMDPLCYMKLVRLMGASGMHTGTMGYGKMEGHGKETVLAYMLERDECQGPYFYQKWYGMKATTPIISGGMNALRLPGFFQNLGHGNVINTCGGGAFGHIDSPAAGGISLGQAYDCWKSGSDPIEYAKTHKEFARAFESFPKDGDKLFAGWREKLGVHK
35,gi|1278064845|gb|PIW46983.1|,MDQSNRYANLSLNEADLIAGGQHMLVAYKLIPAKGYGFLEVAAHIAAESSTGTNVEVSTTDDFTRGVDALVYDIDETAFGDNGVTGGGLMKVAYPVELFDPNLTDGHYNVSHMWSLILGNNQGMGDHEGLRMLDFMVPECMIKKFDGPSAGIADLWKVLGRPEVDGGYISGTIIKPKLGLRPEPFAKACLDFWLGGDFIKNDEPQANQPFCPMKVVIPKVAEMMDRAQQETGNAKLFSANATADFHGECIARGEYILGEFAKYGNEKHVAFLIDGFVTGPAGVTTARRAFPDTFLHFHRAGHGAVTSYKSPMGMDPLCYMKLARLQGASGIHTGTMGYGKMEGHGKETVLAYMLERDECMGHYFNQKWHGMKPTAPIISGGMNALRLPGFFENLGHGNVINTCGGGAFGHIDSPASGGISLDQAYNCWKEGADPIEFAKTHPEFARAFESFPGDADKIYPGWREKLGVHK
36,gi|1579912397|ref|WP_130537058.1|,MDQSNRYADLTLSEDTLVADDNHLLVAYRLKPAEGYGFLEVAAHVAAESSTGTNVEVSTTDDFTRGVDALVYEIDEAAFGEDGGLMKIAYPVALFDPNLIDGHYNVSHMWSLILGNNQGMGDHVGLRMLDFFVPEKMVKRFDGPATDISDLWKVLGRPEVDGGYIAGTIIKPKLGLRPEPFAQACYDFWLGGDFIKNDEPQANQDFCPMETVIPLVAETMDRAQQETGQAKLFSANVTADFHGEMVKRGEYILEQFAKYGNEKHVAFLVDGFVTGPAGVTTCRRNFPDTYLHFHRAGHGALTSYKSPMGMDPLCYMKLARLMGASGIHTGTMGYGKMEGHAGETVLAYMLERDECQGPYFYQKWYGMKPTTPIISGGMNALRLPGFFENLGHGNVINTCGGGSFGHIDSPADGGISLGQAYECWKSGQDPIEYAKNHKEFARAFESFPHDADKIFPEWREKLGVHK
37,gi|1497995835|gb|RME85775.1|,MAFDQSKRYVDLSLNEEELIKNDQHVLVAYRLKPAPGYDFKATAAHVAAESSTGTNVEVSTTDDFTRSIDALVYEIDEHAFGEKGGLVKIAYPVALFDHNLIDDHHTVSQFWSLILGNNQGMSDHVSLRMLDFYVPKCMIEKFDGPSTTISDLWRVLGRPEKDGGYIAGTIVKPKLGLRPKPFADACYEFWLGGDFIKNDEPQANQTFCPMKEVIPLVAEAMDRAQQKTGQAKLFSANITADYFAEMIARGEYILEEFAKYGNEKHVAFLVDGFVTGPAGITTARRHFPHVFLHFHRAGHGALTSYKSPLGMDPICYMKLARMMGASGIHTGTMGFGKMEGHKDEKVLAYMLERDECQGPYFYQKWHGMKPTCPIISGGMNAIRLIPFFENLGHANVINTCGGGSYGHVDGPAAGGISLKQAYECWKTGADPIEFAKTHREFARAFASFPQDADKFFPGWREKLAGYLD
38,gi|1247517546|gb|PCJ73328.1|,MDQSNRYADLSLNEADLIAGGKHLLVAYKLIPAEGYGFLEVAAHIAAESSTGTNVEVSTTDDFTRSVDALVYDIDETAFADGNNVTGGGLFKVAYPVDLFDPNLIDGNYNVSHMWSLILGNNQGMGDHVGLRMLDFQVPECMIRKFDGPSAGIADLWKVLGRPEVDGGYISGTIIKPKLGLRPEPFVKACYDFWLGGDFIKNDEPQANQPFCPMKTVIPMVAETMDRAQQETGEAKLFSANATADFHVECIARGEFILESFAKYGNEKHVAFLIDGFVTGPAGVTTARRAFPDTFLHFHRAGHGAITSYKSPMGMDPLCYMKLARLQGASGIHVGTMGYGKMEGHGKETVLSYMIEREECMGHYFNQKWYGMKPTCPIISGGMNALRLPGFFENLGHGNLINTCGGGAFGHIDSPAAGGKSLNQAYDCWKEGADPIEYAKTHGEFARAFDSFPGDADKIYGADWREKIGSHK
39,gi|1493872788|ref|WP_121541263.1|,MDQSNRYADLSLNEADLIAGGKHLLVAYKLIPAEGYGFLEVAAHIAAESSTGTNVEVSTTDDFTRSVDALVYDVDETAFADGNSVTGGGLMKVAYPVELFDPNLIDGHYNVSHMWSLILGNNQGMGDHVGLRMLDFMVPECMIKKFDGPSAGITDLWKVLGRPEVDGGYISGTIIKPKLGLRPDPFVKACYEFWLGGDFIKNDEPQANQPFCPMETVIPMVAETMDRAQQETGEAKLFSANATADFHGECIKRGEFILESFAKYGNEKHVAFLIDGFVTGPAGVTTARRAFPDTFLHFHRAGHGALTSYKSPMGMDPLCYMKLARLQGASGIHVGTMGYGKMEGHGKETVLAYMIERDECMGHYFNQKWYGMKPTCPIISGGMNALRLPGFFENLGHGNLINTCGGGAFGHIDSPASGGKSLNQAYDCWKSGTDPIEYAKTHNEFARAFDSFPGDADKIYGADWREKVGAHK
40,gi|1280954456|ref|WP_100277765.1|,MDQSNRYADLSLKEEDLIAGGQHLLVAYKLIPAEGYGFLEVAAHVAAESSTGTNVEVSTTDDFTRGVDALVYEIDETAFGDHPVTGGGLMKIAYPVPLFDPNLTDGHFNVSHMWSLILGNNQGMGDHNGLRMLDFMVPEVMIKKFDGPSTGIADMWEVLGRPRENGGYISGTIIKPKLGLRPEPFVKACYQFWLGGDFIKNDEPQANQPFCPMETVIPMVAETMDRVQQETGQAKIFSANATADWHTECIKRGDFILESFAKYGNEKHVAFLIDGFVTGPAGVTTARRAFPDTFLHFHRAGHGALTSYKSPMGMDPLCYMKISRLSGASGIHTGTMGYGKMEGHGNETVLAYMLERDECMGHYFNQKWYGMKPTAPIISGGMNALRLPGFFENLGHGNVINTCGGGSFGHIDSPAAGAKSLSQAYECWTTGTDPIEYAKTHNEFARAFDSFPADADKIYGADWREKIGAHK
41,gi|1184387012|emb|SMH67717.1|,MDQSNRYADLSLQENDLISNGKHILVAYKMKSKAGHGYLEAAAHFAAESSTGTNVEVSTTDDFTKGVDALVYHIDEAAEDMRIAYPLELFDRNVTDGRMMIVSFLTLVIGNNQGMGDIEHGQMIDFFMPPRAIQLFDGPAKDISDLWRILGRPVQNGGYIAGTIIKPKLGLRPEPFAAAAYQFWLGGDFIKNDEPQGNQVFAPVKKTIPLVYDAMKRAMDETGAAKLFSMNITADDHYEMCARADFALETFGPDADKLAFLVDGFVGGPGMITTARRQYPGQYLHYHRAGHGMITSPSANRGYTAFVLAKMARLQGASGIHVGTMGYGKMEGGADDRNIAYMIERDSCDGPVYHQEWYGMKPTTPIISGGMNVLRLPGFFENLGHGRRRRLRSYRQPGGWRGIPAAGLRMLEGGS
42,gi|1498094249|gb|RMF65009.1|,FLATAAHVAAESSTGTNVEVSTTDDFTRGVDALVYEIDENAFGEKGGLMKIAYPVELFDHNLIDDKHGVAHMWSLILGNNQGMGDHVGLRMLDFYVPECMIKKFDGPATNITHMWKVLGRPEVDGGYIAGTIIKPKLGLRPEPFAKACYDFWLGGTFIKNDEPQANQTFCPMKEVIPLVAEAMDRAQQETGEAKLFSANITADFFGEMIARGEYILNEFAKYGNEEHVAFLVDGFVAGPAGVTTARRYFPGTFLHFHRAGHGSLTSYKSPMGMDPLCYMKLARLMGASGIHTGTMGYGKMEGHKDERVLAYMLERDECQGPYFYQKWHGMKATTPIISGGMNALRLIGFFENLGHANVINTCGGGSFGH
