,0,1,ID
0,cg2_3.0_scaffold_355_c_23,MDQSNRYANLSLKEEDLIAGGQHMLVAYKLIPAKGYGFLEVAAHVAAESSTGTNVEVSTTDDFTRGVDALVYEIDETAFGDDPVTGGGLMKIAYPVPLFDPNLTDGHYNISHMWSLILGNNQGMGDHVGLRMLDFLVPECMMKKFDGPSTGIADLWKVLGRPEVDGGYIAGTIIKPKLGLRPEPFAKACYDFWLGGDFIKNDEPQANQPFCPMKVVIPKVAEVMDRAQQETGQAKLFSANATADFHGECIARGEYILGEFAKYGNEKHVAFLIDGFVTGPAGVTTARRAFPDTFLHFHRAGHGAVTSYKSPMGMDPLCYMKLVRLMGASGMHTGTMGYGKMEGHGKETVLAYMLERDECKGHYFNQKWYGMKPTAPIISGGMNALRLPGFFKNLGHGNVINTCGGGSFGHIDSPAAGGISLGQAYECWKSGTDPIEYAKTHKEFARAFESFPKDGDKLFPGWRDKLGVHK*,RBC5_1
1,cg2_3.0_scaffold_31_c_72,MDQSNRYADLSLKEEDLIAGGQHLLVAYKLIPAAGYGFLEVAAHIAAESSTGTNVEVSTTDDFTRGVDALVYEIDETAFGDHPVKGGGLMKVAYPVPLFDPNLTDGHYNVSHMWSLILGNNQGMGDHLGLRMLDFMVPECMIRKFDGPSTGISDLWKVLGRPEVDGGYIAGTIIKPKLGLRPEPFVKACYDFWLGGDFIKNDEPQANQPFCPMETVIPMVAETMDRVQQETGEAKLFSANATADYHVECKKRGDFILESFAKYGNEKHVAFLIDGFVTGPAGVTTARREFPDTFLHFHRAGHGALTSYKSPMGMDPLCYMKLARLQGASGIHVGTMGYGKMEGHGNETVLAYMIERDECMGHYFNQKWYGMKPTCPIISGGMNALRLPGFFENLGHGNLINTCGGGAFGHIDSPAAGATSLGQAYDCWKSGTDPIEYAKTHNEFARAFDSFPGDADKIYPNWREKIGAHK*,RBC5_2
2,cg1_0.2_scaffold_26_c_31,MDQSNRYANLSLNEADLIAGGKHLLVAYKLIPAKGYGFLEVAAHIAAESSTGTNVEVSTTDDFTRGVDALVYDIDETAFGDDRVTGGGLMKVAYPVELFDPNLTDGHYNVSHMWSLILGNNQGMGDHEGLRMLDFMVPECMIKKFDGPSAGIADLWKVLGRPEVDGGYISGTIIKPKLGLRPEPFAKACLDFWLGGDFIKNDEPQANQPFCPMKVVIPKVAEMMDKAQQETGNAKLFSANATADFHGECIARGEYILGEFAKYGNEKHVAFLIDGFVTGPAGVTTARRAFPDTFLHFHRAGHGAVTSYKSPMGMDPLCYMKLSRLQGASGIHTGTMGYGKMEGHGKETVLAYMLERDECMGHYFNQKWYGMKPTAPIISGGMNALRLPGFFENLGHGNVINTCGGGSFGHIDSPASGGKSLDQAYECWKSGADPIEFAKTHKEFARAFDSFPKDADKIFPGWRDKIGAHK*,RBC5_3
4,gi|500250725|ref|WP_011911067.1|,MDQSNRYARLDLKEADLIAGGRHVLCAYVMKPKAGYGYLETAAHFAAESSTGTNVEVSTTDDFTRGVDALVYEIDEARELMKIAYPVELFDRNIIDGRAMLCSFLTLTIGNNQGMGDVEYAKMHDFYVPPCYLRLFDGPSMNIADMWRVLGRSVTDGGMVVGTIIKPKLGLRPKPFADACYEFWLGGDFIKNDEPQGNQTFAPLKETIRLVADAMKRAQDETGEAKLFSANITADDHYEMVARGEYILETFGENADHVAFLVDGYVTGPAAITTARRQFPRQFLHYHRAGHGAVTSPQSMRGYTAFVLSKMARLQGASGIHTGTMGFGKMEGEAADRIMAFMLTDDAAQGPFYPQDWLGMKATTPIISGGMNALRLPGFFDNLGHSNVIQTSGGGAFGHLDGGTAGAKSLRQAHDAWKAGVDLVTYAREHRELARAFESFPADADRFHPGWREKLQLAGAA*,RBC5_4
5,gi|565827070|ref|WP_023911418.1|,MDQSNRYARLDLKEADLIAGGRHVLCAYVMKPKAGYGYLETAAHFAAESSTGTNVEVSTTDDFTRGVDALVYEIDPEKEIMKIAYPVELFDRNIIDGRAMLCSFLTLTIGNNQGMGDVEYAKMHDFYVPPCYLRLFDGPSMNIADMWRVLGRPVVDGGMVVGTIIKPKLGLRPKPFADACYEFWLGGDFIKNDEPQGNQTFAPLKETIRLVADAMKRAQDETGEAKLFSANITADDHYEMVARGEYILETFGENADHVAFLVDGYVTGPAAITTARRQFPRQFLHYHRAGHGAVTSPQSMRGYTAFVLSKMSRLQGASGIHTGTMGYGKMEGDASDKIMAYMLTDEAAQGPFYHQDWLGMKATTPIISGGMNALRLPGFFDNLGHSNVIQTSGGGAFGHLDGGTAGAKSLRQSCDAWKAGVDLVTYAKSHRELARAFESFPNDADKLYPGWRVALGVN*,RBC5_5
6,gi|941854097|ref|WP_055208325.1|,MDQSNRYARLDLKEADLIAGGRHVLCAYIMKPKAGYGYLETAAHFAAESSTGTNVEVSTTDDFTRGVDALVYEIDPEKEIMKIAYPVELFDRNIIDGRAMLCSFLTLTIGNNQGMGDVEYAKMHDFYVPPCYLRLFDGPSMNIADMWRVLGRPVVDGGMVVGTIIKPKLGLRPKPFADACYEFWLGGDFIKNDEPQGNQTFAPLKETIRLVADAMKRAQDETGEAKLFSANITADDHYEMVARGEYILETFGENADHVAFLVDGYVTGPAAITTARRSFPRQFLHYHRAGHGAVTSPQSMRGYTAFVLSKMSRLQGASGIHTGTMGYGKMEGDASDKIMAYMLTDEAAQGPFYHQDWLGMKATTPIISGGMNALRLPGFFDNLGHSNVIQTSGGGAFGHLDGGTAGAKSLRQSCDAWKAGVDLVTYAKSHRELARAFESFPNDADKLYPGWRVALGVN*,RBC5_6
7,gi|1468441691|ref|WP_117345184.1|,MDQSNRYARLDLREADLIAGGRHVLCAYVMKPKAGYGYLETAAHFAAESSTGTNVEVSTTDDFTRGVDALVYEIDEARELMKIAYPVELFDRNIIDGRAMLCSFLTLTIGNNQGMGDVEYAKMHDFYVPPCYLRLFDGPSMNIADMWRVLGRSVTDGGMVVGTIIKPKLGLRPKPFADACYEFWLGGDFIKNDEPQGNQTFAPLKETIRLVADAMKRAQDETGEAKLFSANITADDHYEMVARGEYILETFGENADHVAFLVDGYVTGPAAITTARRQFPRQFLHYHRAGHGAVTSPQSMRGYTAFVLSKMARLQGASGIHTGTMGFGKMEGEAADRIMAFMLTDDAAQGPFYPQDWLGMKATTPIISGGMNALRLPGFFDNLGHSNVIQTSGGGAFGHLDGGTAGAKSLRQAHDAWKAGVDLVTYAREHRELARVFESFPADADRFHPGWREKLQLAGAA*,RBC5_7
8,gi|1124254502|ref|WP_074553303.1|,MDQSNRYARLDLKEADLIAGGRHVLCAYVMKPKAGYGYLETAAHFAAESSTGTNVEVSTTDDFTRGVDALVYEIDPDKEIMKIAYPVELFDRNIIDGRAMLCSFLTLTIGNNQGMGDVEYAKMHDFYVPPCYLRLFDGPSMNIADMWRVLGRPVVDGGMVVGTIIKPKLGLRPKPFADACYEFWLGGDFIKNDEPQGNQTFAPLKETIRLVADAMKRAQDETGEAKLFSANITADDHYEMVARGEYILETFGENADHVAFLVDGYVTGPAAITTARRSFPRQFLHYHRAGHGAVTSPQSMRGYTAFVLSKMSRLQGASGIHTGTMGYGKMEGDASDKIMAYMLTDEAAQGPFYHQDWLGMKATTPIISGGMNALRLPGFFDNLGHSNVIQTSGGGAFGHLDGGTAGAKSLRQSCDAWKAGVDLVTYAKSHRELARAFESFPNDADKLYPGWRVALGVN*,RBC5_8
9,gi|1254096302|ref|WP_097030133.1|,MDQSNRYARLDLREADLIAGGRHVLCAYVMKPKAGYGYLETAAHFAAESSTGTNVEVSTTDDFTRGVDALVYEIDEARELMKIAYPVELFDRNIIDGRAMLCSFLTLTIGNNQGMGDVEYAKMHDFYVPPCYLRLFDGPSMNIADMWRVLGRDVRDGGMVVGTIIKPKLGLRPKPFADACYEFWLGGDFIKNDEPQGNQTFAPLKETIRLVADAMKRAQDETGEAKLFSANITADDHYEMVARGEYILETFGENADHVAFLVDGYVTGPAAITTARRSFPRQFLHYHRAGHGAVTSPQSMRGYTAFVLSKMSRLQGASGIHTGTMGYGKMEGEAADKIMAFMLTDDAAQGPFYHQDWLGMKATTPIISGGMNALRLPGFFDNLGHSNVIQTSGGGAFGHLDGGTAGAKSLRQAHDAWKSGVDLVTYAKGHRELARAFESFPNDADKFYPGWREALGRG*,RBC5_9
10,gi|1402954022|ref|WP_110804070.1|,MDQSNRYARLDLKEADLIAGGRHVLCAYIMKPKAGYGYLETAAHFAAESSTGTNVEVSTTDDFTRGVDALVYEIDPAKEIMKIAYPVELFDRNIIDGRAMLCSFLTLTIGNNQGMGDVEYAKMHDFYVPPCYLRLFDGPSMNIADMWRVLGRDVKDGGMVVGTIIKPKLGLRPKPFADACYEFWLGGDFIKNDEPQGNQTFAPLKETIRLVADAMKRAQDETGEAKLFSANITADDHYEMVARGEYILETFGENADHVAFLVDGYVTGPAAITTARRSFPRQFLHYHRAGHGAVTSPQSMRGYTAFVLSKMSRLQGASGIHTGTMGYGKMEGDASDKIMAYMLTDEAAQGPFYHQDWLGMKATTPIISGGMNALRLPGFFDNLGHSNVIQTSGGGAFGHVDGGTAGAKSLRQSCDAWKAGVDLVTYAKSHRELARAFESFPTDADKLYPGWRDALGVK*,RBC5_10
11,gi|488811507|ref|WP_002723913.1|,MDQSNRYARLDLKEADLIAGGRHVLCAYVMKPKAGYGYLETAAHFAAESSTGTNVEVSTTDDFTRGVDALVYEIDPEKEIMKIAYPVELFDRNIIDGRAMLCSFLTLTIGNNQGMGDVEYAKMHDFYVPPCYLRLFDGPSMNIADMWRVLGRDVRNGGMVVGTIIKPKLGLRPKPFADACHEFWLGGDFIKNDEPQGNQTFAPLKETIRLVADAMKRAQDETGEAKLFSANITADDHYEMVARGEYILETFGENADHVAFLVDGYVTGPAAITTARRQFPRQFLHYHRAGHGAVTSPQSMRGYTAFVLSKMARLQGASGIHTGTMGYGKMEGEAADKIMAYMLTDEAAEGPFYRQDWLGLKATTPIISGGMNALRLPGFFDNLGHSNVIQTSGGGAFGHLDGGTAGAKSLRQSHEAWMAGVDLVTYAREHRELARAFESFPADADKFYPGWRDRLQRAA*,RBC5_11
12,gi|1378859340|ref|WP_107672544.1|,MDQSNRYARLDLKEADLIAGGRHVLCAYVMKPKAGYGYLETAAHFAAESSTGTNVEVSTTDDFTRGVDALVYEIDPAKEIMKIAYPVELFDRNIIDGRAMLCSFLTLTIGNNQGMGDVEYAKMHDFWVPPCYLRLFDGPSMNIADMWRVLGRDVRDGGMVVGTIIKPKLGLRPKPFADACYEFWLGGDFIKNDEPQGNQTFAPLKETIRLVADAMKRAQDETGEAKLFSANITADDHYEMVARGEYILETFGENADHVAFLVDGYVTGPAAITTARRQFPHQFLHYHRAGHGAVTSPQSMRGYTAFVLSKMSRLQGASGIHTGTMGYGKMEGDASDKIMAYMLTDDAAQGPFYHQDWLGMKPTTPIISGGMNALRLPGFFDNLGHSNVIQTSGGGAFGHVDGGTAGAKSLRQSCDAWKAGVDLVTYAKDHRELARAFESFQSDADKLYPGWREKLGVA*,RBC5_12
13,gi|1524734195|ref|WP_124257644.1|,MDQSNRYARLDLKEADLIAGGRHVLCAYVMKPKAGYGFLETAAHFAAESSTGTNVEVSTTDDFTRGVDALVYEIDPEKEIMKIAYPVELFDRNIIDGRAMLCSFLTLTIGNNQGMGDVEYAKMHDFYVPPCYLRLFDGPSMNIADMWRVLGRDVRNGGMVVGTIIKPKLGLRPKPFADACHEFWLGGDFIKNDEPQGNQTFAPLKETIRLVADAMKRAQDETGEAKLFSANITADDHYEMVARGEYILETFGENADHVAFLVDGYVTGPAAITTARRQFPRQFLHYHRAGHGAVTSPQSMRGYTAFVLSKMARLQGASGIHTGTMGYGKMEGEAADKIMAYMLTDEAAEGPFYRQDWLGLKATTPIISGGMNALRLPGFFDNLGHSNVIQTSGGGAFGHLDGGTAGAKSLRQSHEAWMAGVDLVTYAREHRELARAFESFPADADKFYPGWRDRLQRAA*,RBC5_13
14,gi|1444650860|ref|WP_115472589.1|,MDQSNRYARLDLKEADLIEGGRHVLCAYVMKPKAGYGYLETAAHFAAESSTGTNVEVSTTDDFTRGVDALVYEINPEKEIMKIAYPVELFDRNIIDGRAMLCSFLTLTIGNNQGMGDVEYAKMHDFYVPPCYLRLFDGPSMNIADMWRVLGRDVRNGGMVVGTIIKPKLGLRPKPFADACHEFWLGGDFIKNDEPQGNQTFAPLKETIRLVADAMKRAQDETGEAKLFSANITADDHYEMVARGEYILETFGENADHVAFLVDGYVTGPAAITTARRQFPRQFLHYHRAGHGAVTSPQSMRGYTAFVLSKMARLQGASGIHTGTMGYGKMEGEAADKIMAYMLTDDAAEGPFYRQDWLGLKATTPIISGGMNALRLPGFFDNLGHSNVIQTSGGGAFGHLDGGTAGAKSLRQSHEAWMAGVDLVTYAREHRELARAFESFPADADKFYPGWRDRLQRAA*,RBC5_14
15,gi|1477060631|ref|WP_119004344.1|,MDQSNRYARLDLQEADLIEGGRHVLCAYVMKPKAGYGYLETAAHFAAESSTGTNVEVSTTDDFTRGVDALVYEIDPEKEIMKIAYPVELFDRNIIDGRAMLCSFLTLTIGNNQGMGDVEYAKMHDFYVPPCYLRLFDGPSMNIADMWRVLGRDVRNGGMVVGTIIKPKLGLRPKPFADACHEFWLGGDFIKNDEPQGNQTFAPLKETIRLVADAMKRAQDKTGEAKLFSANITADDHYEMVARGEYILETFGENADHVAFLVDGYVTGPAAITTARRQFPRQFLHYHRAGHGAVTSPQSMRGYTAFVLSKMARLQGASGIHTGTMGYGKMEGEAADKIMAYMLTDDAAEGPFYRQDWLGLKATTPIISGGMNALRLPGFFDNLGHSNVIQTSGGGAFGHLDGGTAGAKSLRQSHEAWMAGVDLVTYAREHRELARAFESFPADADKFYPGWRDRLQRAA*,RBC5_15
16,gi|1384078038|ref|WP_108643609.1|,MDQSNRYARLDLKEADLIAGGRHVLCAYVMKPKAGYGYLETAAHFAAESSTGTNVEVSTTDDFTRGVDALVYEIDPAKEIMKIAYPVELFDRNIIDGRAMLCSFLTLTIGNNQGMGDVEYAKMHDFWVPPCYLRLFDGPSMNIADMWRVLGRDVRDGGMVVGTIIKPKLGLRPKPFADACYEFWLGGDFIKNDEPQGNQTFAPLKETIRLVADAMKRAQDATGEAKLFSANITADDHYEMVARGEYILETFGENADHVAFLVDGYVTGPAAITTARRQFPHQFLHYHRAGHGAVTSPQSMRGYTAFVLSKMSRLQGASGIHTGTMGYGKMEGDASDKIMAYMLTDDAAQGPFYHQDWLGMKPTTPIISGGMNALRLPGFFDNLGHSNVIQTSGGGAFGHVDGGTAGAKSLRQSCDAWKAGVDLVTYAKDHRELARAFESFQSDADKLYPGWREKLGVA*,RBC5_16
17,gi|1134241966|ref|WP_076483499.1|,MDQSNRYARLDLNEADLIAGGRHVLCAYIMKPKAGYGYLETAAHFAAESSTGTNVEVSTTDDFTRGVDALVYEIDPDKELMKIAYPVELFDRNIIDGRAMLCSFLTLTIGNNQGMGDVEYAKMHDFYVPPAYLRLFDGPSMNIADMWRVLGRDVNDGGMVVGTIIKPKLGLRPQPFADACYEFWLGGDFIKNDEPQGNQTFAPLKETIRLVADAMKRAQDETGEAKLFSANITADDHYEMVARGEYILETFGENADHVAFLVDGYVTGPAAITTARRSFPRQFLHYHRAGHGAVTSPQSMRGYTAFVLSKMSRLQGASGIHTGTMGYGKMEGEAADKIMAFMLTDEAAMGPYYHQDWLGMKATTPIISGGMNALRLPGFFDNLGHSNVIQTSGGGAFGHLDGGTAGAISLRQAHDAWKAGVDLVTYAKEHKELARAFESFAHDSDKLYPGWRDALGVA*,RBC5_17
18,gi|400931|sp|P29278.3|RBL2_RHOSH,MDQSNRYARLDLQEADLIAGGRHVLCAYVMKPKAGYGYLETAAHFAAESSTGTNVEVSTTDDFTRGVDALVYEIDPEKEIMKIAYPVELFDRNIIDGRAMLCSFLTLTIGNNQGMGDVEYAKMHDFYVPPCYLRLFDGPSMNIADMWRVLGRDVRNGGMVVGTIIKPKLGLRPKPFADACHEFWLGADFIKNDEPQGNQTFAPLKETIRLVADAMKRAQDETGEAKLFSANITADDHYEMVARGEYILETFGENADHVAFLVDGYVTGPAAITTARRQFPRQFLHYHRAGHGAVTSPQSMRGYTAFVLSKMARLQGASGIHTGTMGYGKMEGEAADKIMAYMLTDEAAEGPFYRQTGWGSKATTPIISGGMNALRLPGFFDNLGHSNVIQTSGGGAFGHLDGGTAGAKSLRQSHEAWMAGVDLVTYAREHRELARAFESFPADADKFYPGWRDRLHRAA*,RBC5_18
19,gi|1498313314|gb|RMH52320.1|,MDQSNRYSDLSLKEEDLIAGGRHLLAAYRLLPKPGNGFLATAAHVAAESSTGTNVEVCTTDDFTRGVDALVYEIDENAFGEQGGLIKIAYPVELFDRNLLDGKHGVAHMTSLIIGNNQGMGDIIGLRLLDFMVPECMIRNFDGPNANIVDMWRVLGRPEKDGGYIAGTIIKPKLGLRPEPFAKACYDFWLGGTFIKNDEPQANQSFCPMKEVIPLVAEAMDRAQQESGEAKLFSANITADDPEEMVARGNFILEAFGKYGNEKHVAFLVDGFVAGPVGITTARRRFPDTFLHYHRAGHGMATSEVNPRGYTMLCHMKMARLMGASGIHTGTMGYGKMEGGRDDRVLAYMLERDECQGPYFHQKWHGMKATTPIISGGMNALRLVGFFENLGHANVINTCGGGAFGHIDGPAAGGKSLDQAYQCWKEGADPIEFAKEHKEFARAFESFPWDADKLFPGWREKLGVHA*,RBC5_19
20,gi|1498172818|gb|RMG30778.1|,MDQSSRYSDLSLKEEDLIAGGRHLLVAYRLKPAPGHKFLAVAAHVAAESSTGTNVEVSTTDDFTRGVDALVYEIDENAFGEAGGLVKIAYPVELFDHNLIDDKHSVAHMWSLILGNNQGMSDHVGLRMLDFFVPECMIRKFDGPTTNITHMWKVMGRPEKDGGYIAGTIIKPKLGLRPEPFAKACYEFWLGGTFIKNDEPQANQSFCPMKEVIPLVAQAMDRAQQETGEAKLFSANITADFFAEMIARGEYILNEFAKYGNEEHVAFLVDGFVAGPAGITTARRYFPQTFLHFHRAGHGAVTSYKSPLGMDPICYMKMARLMGASGIHTGTMGYGKMEGHKDERVLAYMLERDECQGPYFYQKWYGMKATTPIISGGMNALRLPGFFDNLGHANVINTCGGGSFGHIDGPAAGGKSLIQAWECWKEGIDPIECAKQHREFARAFESFPHDADKLYPGWREKLGVKVA*,RBC5_20
21,gi|1498177082|gb|RMG34467.1|,MALDQSNRYSDLTLKEEDLIAGDRHLLVAYRLKPAEGHGFLTVAAHVAAESSTGTNVEVSTTDDFTRGVDALVYEIDENAFGDAGGLVKIAYPVELFDHNLIDDKHGVAHMWSLILGNNQGMGDHVGLRMLDFYVPECMIRKFDGPATNISHMWKVMGRPETDGGYVAGTIIKPKLGLRPEPFAKACYDFWLGGTFIKNDEPQANQTFCPMKEVIPLVAEAMDRAQQETGEAKFFSANITADFFAEMIARGEYILNEFAKYGNEEHVAFLVDGFVAGPAGITTARRYFPSTFLHFHRAGHGSLTSYKSPMGMDPLCYMKMSRLMGASGIHTGTMGYGKMEGHKDERVLAYMLERDECQGPYFYQKWHGMKATTPIISGGMNALRLIGFFENLGHANVINTCGGGSFGHIDGPAAGGKSLIQAWECWKAGADPIEWAKEHREFARAFESFPHDADQLFPGWREKLGVAAA*,RBC5_21
22,gi|1280941519|ref|WP_100265183.1|,MDQSNRYANLSLNEADLIAGGKHLLVAYKLKPAPGYGFLEVAAHVAAESSTGTNVEVSTTDDFTRGVDALVYEVDETAFGDDRVTGGGLMKIAYPVELFDINITDGQYMISQMYSLILGNNQGMGDHAGLRMLDFMVPECMIKKFDGPATNISDLWKLLGRPEVDGGYIAGTIIKPKLGLRPEPFARACYEFWLGGDFIKNDEPQGNQTFCPMKTVLPLVAETMDRVQQETGEVKIFSANVTADCYKELIARGDYILETFGKYGNEKHVAFLVDGVVTGVHGVTTCRREFPDTFLHYHRAGHGAFTSYKSPMGMDPLCHMKFARLMGASGIHTGTMGYGKMEGHGNETVLAYMLERDECQGNYFYQKWYGMKATTPIISGGMNALRLPGFFENLGHGNVINTCGGGSFGHIDSPAAGATSLSQAYECWKSGQDPIEYAKTHNEFARAFDSFPKDADKIFPDWREKLGSHK*,RBC5_22
23,gi|1498271203|gb|RMH14716.1|,MALDQSNRYSDLSLKEEELIANDSHLLVAYKLKPAEGHGFLQVAAHVAAESSTGTNVEVSTTDDFTRGVDALVYEIDENAFGDAGGLMKVAYPVDLFDPNLTDGQYNVSHMWSLILGNNQGMGDHVGLRMLDFYVPECMIKRFDGPSANITNLWKVLGRPEVDGGYIAGTIIKPKLGLRPEPFAKACYDFWLGGTFIKNDEPQANQPFCPMKEVIPLVAQAMDKAQQETGEAKLFSANATADYHAECIARGEYILSEFAKYGNEDHVAFLIDGFVTGPAGITTARRAFPDTFLHFHRAGHGAVTSYKSPMGMDPLCYMKLARLMGASGIHTGTMGYGKMEGHAGETVLAYMLERDECQGPYFYQKWHGMKATTPIISGGMNALRLIGFFENLGHGNLINTCGGGSFGHIDSPAAGGKSLDQAYQCWKEGADPIEFAKTHEEFARAFESFPQDADQLFPGWREKLGVHA*,RBC5_23
24,gi|1498196442|gb|RMG51672.1|,MALDQSSRYANLDLNEDELIANDRHLLVAYRLKPAAGHDFLAVAAHVAAESSTGTNVEVSTTDDFTRGVDALVYEIDPNAFGEDGGLVKIAYPVELFDHNLIDDKHGVAHMWSLILGNNQGMGDHVGLRMLDFYVPEQMIRKFDGPATNISHMWKVMGRPEVDGGYIAGTIIKPKLGLRPEPFAKACYDFWLGGTFIKNDEPQANQTFCPMKEVIPLVAEAMDRAQQETGEAKFFSANITADFFAELIARGEYILNEFAKYGNEEHVAFLVDGFVAGPAGVTTARRYFPSTFLHFHRAGHGSLTSYKSPMGMDPLCYMKLSRLMGASGIHTGTMGYGKMEGHKDERVLAYMLERDECQGPYFNQKWHGMKATTPIISGGMNALRLIGFFENLGHANVINTCGGGSFGHIDGPAAGGKSLIQAWECWKAGADPIEWAKEHREFARAFESFPHDADKLFPGWREKLGVQAA*,RBC5_24
25,gi|1057283888|ref|WP_068647475.1|,MDQSNRYADLTLSEEKLIADGNHLLVAYRLKPAAGYGFLEVAAHVAAESSTGTNVEVSTTDDFTRGVDALVYEIDEAAFGDKGGLMKIAYPVDLFDPNLIDGHYNVSHMWSLILGNNQGMGDHEGLRMLDFMVPEQMVKKFDGPATDISDLWKVLGRPEVDGGYIAGTIIKPKLGLRPEPFAKACYDFWLGGDFIKNDEPQANQPFCPMETVIPMVAETMDRAQQETGEAKLFSANVTADFHEEMIKRGEYILGEFAKYGNEKHVAFLVDGFVTGPAGVTTARRNFPDTYLHFHRAGHGALTSYKSPMGMDPLCYMKLARLMGASGIHTGTMGYGKMEGHGDERVLAYMLERDECQGHYFNQKWYGMKPTTPIISGGMNALRLPGFFENLGHGNVINTCGGGSFGHIDSPAAGGTSLGQAYECWKTGADPIEYAKEHPEFARAFESFPSDADKIFPGWREKLGVHK*,RBC5_25
26,gi|659893037|ref|WP_029939712.1|,MDQSNRYADLTLSEEKLIADGNHLLVAYRLKPAAGYGFLEVAAHVAAESSTGTNVEVSTTDDFTRGVDALVYEVDEAAFGDKGGLMKIAYPVDLFDPNLIDGHYNVSHMWSLILGNNQGMGDHEGLRMLDFLVPEQMVKKFDGPATDISDLWKVLGRPEVDGGYIAGTIIKPKLGLRPEPFAKACYDFWLGGDFIKNDEPQANQPFCPMETVIPMVAETMDRAQQETGEAKLFSANVTADFHEEMIKRGEYILGEFAKYGNEKHVAFLVDGFVTGPAGVTTARRNFPDTYLHFHRAGHGALTSYKSPMGMDPLCYMKLARLMGASGIHTGTMGYGKMEGHGDERVLAYMLERDECQGHYFYQKWYGMKPTTPIISGGMNALRLPGFFENLGHGNVINTCGGGSFGHIDSPAAGGTSLGQAYECWKTGADPIEYAKEHPEFARAFESFPSDADKIFPGWREKLGVHK*,RBC5_26
27,gi|657350008|ref|WP_029406688.1|,MDQSNRYADLTLKEDDLVANGNHLLVAYRLKPAAGYGFLEVAAHIAAESSTGTNVEVSTTDDFTRGVDALVYDIDEAAFGEKGGLMKVAYPVELFDPNLTDGIYNVSHMWSLILGNNQGMGDHEGLRMLDFLVPEQMVKKFDGPATDISDLWKVLGRPEVDGGYIAGTIIKPKLGLRPEPFAKACYDFWLGGDFIKNDEPQANQPFCPMEVVIPKVAEAMDRAQQATGEAKLFSANVTADFHGEMIHRGEYVLSEFAKYGNEKHVAFLVDGFVTGPAGVTTSRRAFPDTYLHFHRAGHGALTSYKSPMGMDPLCYMKLARLMGASGIHTGTMGYGKMEGHSGETVLAYMLERDECQGPYFYQKWHGMKPTTPIISGGMNALRLPGFFENLGHGNVINTCGGGAFGHIDSPAAGGLSLGQAYDCWKTGADPIEYAKEHPEFARAFESFPGDADKIFPDWREKLGVHK*,RBC5_27
28,gi|640286546|ref|WP_024851801.1|,MDQSNRYADLTLTEEKLVADGNHLLVAYRLKPAAGYGFLEVAAHVAAESSTGTNVEVSTTDDFTRGVDALVYEIDEAAFGDKGGLMKIAYPVDLFDPNLIDGIYNVSHMWSLILGNNQGMGDHEGLRMLDFLVPESMVKRFDGPATDISDLWKILGRPEVDGGYIAGTIIKPKLGLRPEPFAKACYDFWLGGDFIKNDEPQANQPFCPMEVVIPKVAEAMDRAQQATGQAKLFSANVTADFHEEMIKRGEYVLSEFAKYGNEKHVAFLVDGFVTGPAGVTTSRRAFPDTYLHFHRAGHGALTSYKSPMGMDPLCYMKLARLMGASGIHTGTMGYGKMEGHNDERVLAYMLERDECQGPYFYQKWYGMKPTTPIISGGMNALRLPGFFENLGHGNVINTCGGGSFGHIDSPAAGGISLGQAYDCWKTGADPIEYAKEHPEFARAFESFPGDADKIFPDWREKLGVHK*,RBC5_28
29,gi|1011805430|ref|WP_062625813.1|,MDQSNRYANLNLKEADLIAGGKHLLVAYKLIPAKGYGFLEVAAHVAAESSTGTNVEVSTTDDFTRGVDALVYEVDETAFGDDPVKGGGLFKVAYPVELFDPNLTDGTYNISHMWSLILGNNQGMGDHQGLRMLDFLVPEMMVRKFDGPSANITNLWKVLGRSETDGGYIAGTIIKPKLGLRPEPFAKACYDFWLGGDFIKNDEPQANQPFCPMEVVMPKVAEAMDRAQQATGQAKLFSANITADYYKEMIHRGDYVLNTFAKYNSASHVAFLVDGFVTGPAGVTTARREFPDTFLHFHRAGHGAVTSYKSPMGMDPLCYMKLVRLMGASGMHTGTMGYGKMEGHGKETVLAYMLERDECQGPYFYQKWYGMKATTPIISGGMNALRLPGFFQNLGHGNVINTCGGGSFGHIDSPAAGGISLGQSYECWKTGADPIEYAKTHKEFARAFESFPKDSDKLFPGWREKLGVHK*,RBC5_29
30,gi|1325972972|ref|WP_101841124.1|,MDQSNRYADLSLNEDDLIAGGNHLLVAYRLKPAPGYGFLEVAAHVAAESSTGTNVEVSTTDDFTRGVDALVYEVDEAAFGDKGGLMKIAYPVDLFDPNLIDGFYNVSHMWSLILGNNQGMGDHEGLRMLDFMVPETMVKKFDGPATDISDLWRVLGRPEVDGGYIAGTIIKPKLGLRPEPFAKACYDFWLGGDFIKNDEPQANQPFCPMEVVIPKVAEAMDRAQQATGQAKLFSANVTADFHGEMIKRGEYILGEFAKYGNEKHVAFLVDGFVTGPAGVTTARRAFPDTYLHFHRAGHGAVTSYKSPMGMDPLCYMKLARLMGASGIHTGTMGYGKMEGHAGETVLAYMLERDECQGPYFYQKWYGMKPTTPIISGGMNALRLPGFFENLGHGNVINTCGGGSFGHIDSPAAGGISLGQAYECWKTGADPIEYAKEHPEFARAFESFPHDADKIFPDWREKLGVHK*,RBC5_30
31,gi|750444659|ref|WP_040726535.1|,MDQSNRYADLTLSEEKLIADGNHLLVAYRLKPAAGYGFLEVAAHVAAESSTGTNVEVSTTDDFTRGVDALVYEIDEAAFGEKGGLMKIAYPVPLFDPNLIDGFYNVSHMWSLILGNNQGMGDHEGLRMLDFLVPEQMVKKFDGPATDISDLWRVLGRPEVDGGYIAGTIIKPKLGLRPEPFAKACYDFWLGGDFIKNDEPQANQPFCPMETVIPMVAETMDRAQQATGQAKLFSANVTADWHTEMIKRGDYILEQFAKYGNEKHVAFLVDGFVTGPAGVTTARRAFPDTYLHFHRAGHGALTSYKSPMGMDPLCYMKLSRLMGASGIHTGTMGYGKMEGHGDERVLAYMLERDECQGHYFYQKWYGMKPTTPIISGGMNALRLPGFFENLGHGNVINTCGGGSFGHIDSPAAGGISLGQAYDCWKTGADPIEYAKEHPEFARAFESFPGDADKIYPDWREKLGVHK*,RBC5_31
32,gi|740300365|ref|WP_038137960.1|,MDQSNRYADLTLTEEQLVADGNHLLVAYRLKPAAGYGFLEVAAHIAAESSTGTNVEVSTTDDFTRGVDALVYEIDEAAFGDKGGLMKVAYPVDLFDPNLIDGHYNVSHLWSLILGNNQGMGDHEGLRMLDFLVPEKMIKRFDGPATDISDLWKVLGRPEVDGGYIAGTIIKPKLGLRPEPFAKACYDFWLGGDFIKNDEPQANQNFCPMEVVIPKVAEAMDRAQQATGEAKLFSANITADFHGEMIKRGEYVLSEFAKYGNEKHLAFLVDGFVTGPAGVTTSRRAFPDTYLHFHRAGHGALTSYKSPMGMDPLCYMKLSRLMGASGIHTGTMGYGKMEGHNDERVLAYMLERDECQGPYFYQKWYGMKPTTPIISGGMNALRLPGFFENLGHGNVINTCGGGSFGHIDSPAAGGLSLGQAYDCWKTGADPIEYAKEHPEFARAFESFPGDADKLYPNWREKLGVHK*,RBC5_32
33,gi|1553003465|ref|WP_127470167.1|,MDQSNRYADLMLKEENLIADDNHLLVAYRLKPAPGYGFLEVAAHIAAESSTGTNVEVSTTDDFTRGVDALVYEIDEVAFGEKGGLMKVAYPVALFDPNLTDGIYNISHMWSLILGNNQGMGDHEGLRMLDFYVPEKMVKRFDGPATDISDLWKVLGRPEVDGGYIAGTIIKPKLGLRPEPFAKACYDFWLGGDFIKNDEPQANQDFCPMKTVIPLVAETMERAQQATGQAKLFSANITADFHGEMIHRGEFILNEFAKYGNEKHVAFLVDGFVTGPAGVTTARRAFPDTYLHFHRAGHGALTSYKSPMGMDPLCYMKLARLMGASGIHTGTMGYGKMEGHSGETVLAYMLERDECQGTYFYQKWYGMKPTTPIISGGMNALRLPGFFENLGHGNVINTCGGGSFGHIDSPAAGGISLGQAYDCWKTGADPIEYAKEHPEFARAFESFPSDADKYYPGWREKLGAHK*,RBC5_33
34,gi|503057046|ref|WP_013292022.1|,MDQSNRYANLNLKEEDLIKNGKHLLVAYKLIPAKGHGFLEVAAHVAAESSTGTNVEVSTTDDFTRGVDALVYEIDETAFGDDIVKGGGLFKVAYPVELFDPNLTDGTYNISHMWSLILGNNQGMGDHQGLRMLDFLVPEMMVRKFDGPSANISNLWKVLGRSETDGGYIAGTIIKPKLGLRPEPFAKACYDFWLGGDFIKNDEPQANQPFCPMEVVMPKVAEAMDRAQQETGQAKLFSANITADYYKEMIHRGDFVLETFAKYNSASHVAFLVDGFVTGPAGVTTCRREFPDTFLHFHRAGHGAVTSYKSPMGMDPLCYMKLVRLMGASGMHTGTMGYGKMEGHGKETVLAYMLERDECQGPYFYQKWYGMKATTPIISGGMNALRLPGFFQNLGHGNVINTCGGGAFGHIDSPAAGGISLGQAYDCWKSGSDPIEYAKTHKEFARAFESFPKDGDKLFAGWREKLGVHK*,RBC5_34
35,gi|1278064845|gb|PIW46983.1|,MDQSNRYANLSLNEADLIAGGQHMLVAYKLIPAKGYGFLEVAAHIAAESSTGTNVEVSTTDDFTRGVDALVYDIDETAFGDNGVTGGGLMKVAYPVELFDPNLTDGHYNVSHMWSLILGNNQGMGDHEGLRMLDFMVPECMIKKFDGPSAGIADLWKVLGRPEVDGGYISGTIIKPKLGLRPEPFAKACLDFWLGGDFIKNDEPQANQPFCPMKVVIPKVAEMMDRAQQETGNAKLFSANATADFHGECIARGEYILGEFAKYGNEKHVAFLIDGFVTGPAGVTTARRAFPDTFLHFHRAGHGAVTSYKSPMGMDPLCYMKLARLQGASGIHTGTMGYGKMEGHGKETVLAYMLERDECMGHYFNQKWHGMKPTAPIISGGMNALRLPGFFENLGHGNVINTCGGGAFGHIDSPASGGISLDQAYNCWKEGADPIEFAKTHPEFARAFESFPGDADKIYPGWREKLGVHK*,RBC5_35
36,gi|1579912397|ref|WP_130537058.1|,MDQSNRYADLTLSEDTLVADDNHLLVAYRLKPAEGYGFLEVAAHVAAESSTGTNVEVSTTDDFTRGVDALVYEIDEAAFGEDGGLMKIAYPVALFDPNLIDGHYNVSHMWSLILGNNQGMGDHVGLRMLDFFVPEKMVKRFDGPATDISDLWKVLGRPEVDGGYIAGTIIKPKLGLRPEPFAQACYDFWLGGDFIKNDEPQANQDFCPMETVIPLVAETMDRAQQETGQAKLFSANVTADFHGEMVKRGEYILEQFAKYGNEKHVAFLVDGFVTGPAGVTTCRRNFPDTYLHFHRAGHGALTSYKSPMGMDPLCYMKLARLMGASGIHTGTMGYGKMEGHAGETVLAYMLERDECQGPYFYQKWYGMKPTTPIISGGMNALRLPGFFENLGHGNVINTCGGGSFGHIDSPADGGISLGQAYECWKSGQDPIEYAKNHKEFARAFESFPHDADKIFPEWREKLGVHK*,RBC5_36
37,gi|1497995835|gb|RME85775.1|,MAFDQSKRYVDLSLNEEELIKNDQHVLVAYRLKPAPGYDFKATAAHVAAESSTGTNVEVSTTDDFTRSIDALVYEIDEHAFGEKGGLVKIAYPVALFDHNLIDDHHTVSQFWSLILGNNQGMSDHVSLRMLDFYVPKCMIEKFDGPSTTISDLWRVLGRPEKDGGYIAGTIVKPKLGLRPKPFADACYEFWLGGDFIKNDEPQANQTFCPMKEVIPLVAEAMDRAQQKTGQAKLFSANITADYFAEMIARGEYILEEFAKYGNEKHVAFLVDGFVTGPAGITTARRHFPHVFLHFHRAGHGALTSYKSPLGMDPICYMKLARMMGASGIHTGTMGFGKMEGHKDEKVLAYMLERDECQGPYFYQKWHGMKPTCPIISGGMNAIRLIPFFENLGHANVINTCGGGSYGHVDGPAAGGISLKQAYECWKTGADPIEFAKTHREFARAFASFPQDADKFFPGWREKLAGYLD*,RBC5_37
38,gi|1247517546|gb|PCJ73328.1|,MDQSNRYADLSLNEADLIAGGKHLLVAYKLIPAEGYGFLEVAAHIAAESSTGTNVEVSTTDDFTRSVDALVYDIDETAFADGNNVTGGGLFKVAYPVDLFDPNLIDGNYNVSHMWSLILGNNQGMGDHVGLRMLDFQVPECMIRKFDGPSAGIADLWKVLGRPEVDGGYISGTIIKPKLGLRPEPFVKACYDFWLGGDFIKNDEPQANQPFCPMKTVIPMVAETMDRAQQETGEAKLFSANATADFHVECIARGEFILESFAKYGNEKHVAFLIDGFVTGPAGVTTARRAFPDTFLHFHRAGHGAITSYKSPMGMDPLCYMKLARLQGASGIHVGTMGYGKMEGHGKETVLSYMIEREECMGHYFNQKWYGMKPTCPIISGGMNALRLPGFFENLGHGNLINTCGGGAFGHIDSPAAGGKSLNQAYDCWKEGADPIEYAKTHGEFARAFDSFPGDADKIYGADWREKIGSHK*,RBC5_38
39,gi|1493872788|ref|WP_121541263.1|,MDQSNRYADLSLNEADLIAGGKHLLVAYKLIPAEGYGFLEVAAHIAAESSTGTNVEVSTTDDFTRSVDALVYDVDETAFADGNSVTGGGLMKVAYPVELFDPNLIDGHYNVSHMWSLILGNNQGMGDHVGLRMLDFMVPECMIKKFDGPSAGITDLWKVLGRPEVDGGYISGTIIKPKLGLRPDPFVKACYEFWLGGDFIKNDEPQANQPFCPMETVIPMVAETMDRAQQETGEAKLFSANATADFHGECIKRGEFILESFAKYGNEKHVAFLIDGFVTGPAGVTTARRAFPDTFLHFHRAGHGALTSYKSPMGMDPLCYMKLARLQGASGIHVGTMGYGKMEGHGKETVLAYMIERDECMGHYFNQKWYGMKPTCPIISGGMNALRLPGFFENLGHGNLINTCGGGAFGHIDSPASGGKSLNQAYDCWKSGTDPIEYAKTHNEFARAFDSFPGDADKIYGADWREKVGAHK*,RBC5_39
40,gi|1280954456|ref|WP_100277765.1|,MDQSNRYADLSLKEEDLIAGGQHLLVAYKLIPAEGYGFLEVAAHVAAESSTGTNVEVSTTDDFTRGVDALVYEIDETAFGDHPVTGGGLMKIAYPVPLFDPNLTDGHFNVSHMWSLILGNNQGMGDHNGLRMLDFMVPEVMIKKFDGPSTGIADMWEVLGRPRENGGYISGTIIKPKLGLRPEPFVKACYQFWLGGDFIKNDEPQANQPFCPMETVIPMVAETMDRVQQETGQAKIFSANATADWHTECIKRGDFILESFAKYGNEKHVAFLIDGFVTGPAGVTTARRAFPDTFLHFHRAGHGALTSYKSPMGMDPLCYMKISRLSGASGIHTGTMGYGKMEGHGNETVLAYMLERDECMGHYFNQKWYGMKPTAPIISGGMNALRLPGFFENLGHGNVINTCGGGSFGHIDSPAAGAKSLSQAYECWTTGTDPIEYAKTHNEFARAFDSFPADADKIYGADWREKIGAHK*,RBC5_40
41,gi|1184387012|emb|SMH67717.1|,MDQSNRYADLSLQENDLISNGKHILVAYKMKSKAGHGYLEAAAHFAAESSTGTNVEVSTTDDFTKGVDALVYHIDEAAEDMRIAYPLELFDRNVTDGRMMIVSFLTLVIGNNQGMGDIEHGQMIDFFMPPRAIQLFDGPAKDISDLWRILGRPVQNGGYIAGTIIKPKLGLRPEPFAAAAYQFWLGGDFIKNDEPQGNQVFAPVKKTIPLVYDAMKRAMDETGAAKLFSMNITADDHYEMCARADFALETFGPDADKLAFLVDGFVGGPGMITTARRQYPGQYLHYHRAGHGMITSPSANRGYTAFVLAKMARLQGASGIHVGTMGYGKMEGGADDRNIAYMIERDSCDGPVYHQEWYGMKPTTPIISGGMNVLRLPGFFENLGHGRRRRLRSYRQPGGWRGIPAAGLRMLEGGS*,RBC5_41
