ID,Organism,type
0,RBC_38 gi|406907169|gb|EKD48085.1|,Peregrinibacteria,II/III
1,"gwf2_scaffold_583_77 ribulose bisphosphate carboxylase (EC:4.1.1.39); K01601 ribulose-bisphosphate carboxylase large chain [EC:4.1.1.39] Tax=PER_GWF2_38_29 id=5095786 bin=""PER_GWF2_38_29"" species=PER_GWF2_38_29 genus=unknown taxon_order=unknown taxon_class=unknown phylum=Peregrinibacteria (PER) organism_tax=Peregrinibacteria organism_desc=IN PAPER CLONED BY TABITA-ACTIVE",Peregrinibacteria,II/III
2,gi|735013727|gb|KHO47783.1| ribulose-bisphosphate carboxylase large chain [archaeon GW2011_AR5],Aenigmarchaeota,IIIb
3,gi|738479616|ref|WP_036429835.1| ribulose-bisphosphate carboxylase large subunit [Mycobacterium mageritense] >gi|602544287|emb|CDO21134.1| Ribulose bisphosphate carboxylase large chain [Mycobacterium mageritense DSM 44476 = CIP 104973],reference,I
4,"gi|499768544|ref|WP_011449278.1| ribulose-bisphosphate carboxylase [Methanospirillum hungatei] >gi|88189023|gb|ABD42020.1| ribulose-1,5-bisphosphate carboxylase/oxygenase large subunit [Methanospirillum hungatei JF-1]",reference,IIIa
5,gi|488805187|ref|WP_002717593.1| ribulose-bisphosphate carboxylase large subunit [Afipia felis] >gi|410882158|gb|EKS29998.1| ribulose bisphosphate carboxylase large chain [Afipia felis ATCC 53690],reference,I
6,"gi|499681920|ref|WP_011362654.1| ribulose-bisphosphate carboxylase [Chlorobium chlorochromatii] >gi|78171796|gb|ABB28892.1| ribulose-1,5-bisphosphate carboxylase/oxygenase large subunit [Chlorobium chlorochromatii CaD3]",reference,IV
7,TARA_037.SAMEA2619974.600.0.1-0.22_8582_9 /annotation=rbcL; ribulose bisophosphate carboxylase (EC:4.1.1.39) /ngenes=16,Pacearchaeota,IIIb
8,ABA56859_Nitrosococcus_oceani_ATCC_19707_I_REF,reference,I
9,ABA56859_Nitrosococcus_oceani_ATCC_19707_I_REF,reference,I
10,Alkalilimnicola_ehrlichii_YP_74366_REF,reference,I
11,Alkalilimnicola_ehrlichii_YP_74366_REF,reference,I
12,Burkholderia_xenovorans_YP_55288_REF,reference,I
13,Burkholderia_xenovorans_YP_55288_REF,reference,I
14,Q59613_Nitrobacter_vulgaris_I_REF,reference,I
15,Q59613_Nitrobacter_vulgaris_I_REF,reference,I
16,"gi|132051|sp|P00875.1|RBL_SPIOL RecName: Full=Ribulose bisphosphate carboxylase large chain; Short=RuBisCO large subunit; Flags: Precursor >gi|12291|emb|CAA23473.1| ribulose 1,5-bisphophate carboxylase (chloroplast) [Spinacia oleracea]",reference,I
17,Stappia_aggregata_ZP_0154896_REF,reference,I
18,Stappia_aggregata_ZP_0154896_REF,reference,I
19,Thiorhodovibrio_sp_970_ZP_0894247_REF,reference,I
20,Thiorhodovibrio_sp_970_ZP_0894247_REF,reference,I
21,YP_411385_Nitrosospira_multiformis_ATCC_251966_I_REF,reference,I
22,YP_411385_Nitrosospira_multiformis_ATCC_251966_I_REF,reference,I
23,"gi|2978568|gb|AAC38280.1| ribulose-1,5-bisphosphate carboxylase/oxygenase [endosymbiont of Riftia pachyptila]",reference,II
24,RBC_48 gi|1710033|sp|P50922.1|RBL2_RHOCA,reference,II
25,RBC_48 gi|1710033|sp|P50922.1|RBL2_RHOCA,reference,II
26,Thiobacillus_denitrificans_AAA9917_REF,reference,II
27,Thiobacillus_denitrificans_AAA9917_REF,reference,II
28,CG02_land_8_20_14_3.00_150_scaffold_3515_6,SR1,II/III
29,CG02_land_8_20_14_3.00_150_scaffold_3515_6,SR1,II/III
30,OR1_SR1_3_148,SR1,II/III
31,OR1_SR1_3_148,SR1,II/III
32,RBC4_6 gi|503663498|ref|WP_013897574.1|,reference,II/III
33,rifcsphigho2_02_scaffold_22708_9,Aenigmarchaeota,IIIb
34,rifcsphigho2_02_scaffold_22708_9,Aenigmarchaeota,IIIb
35,CG10_big_fil_rev_8_21_14_0.10_scaffold_7288_19,Amesbacteria,IIIb
36,CG10_big_fil_rev_8_21_14_0.10_scaffold_7288_19,Amesbacteria,IIIb
37,rifcsplowo2_01_scaffold_130404_3,Amesbacteria,IIIb
38,rifcsplowo2_01_scaffold_130404_3,Amesbacteria,IIIb
39,ncbi_ASMR01000001.1_43,Diapherotrites,IIIb
40,ncbi_ASMR01000001.1_43,Diapherotrites,IIIb
41,CG10_big_fil_rev_8_21_14_0.10_scaffold_31956_2,Micrarchaeota,IIIb
42,CG10_big_fil_rev_8_21_14_0.10_scaffold_31956_2,Micrarchaeota,IIIb
43,CG10_big_fil_rev_8_21_14_0.10_scaffold_63175_3,Micrarchaeota,IIIb
44,CG10_big_fil_rev_8_21_14_0.10_scaffold_63175_3,Micrarchaeota,IIIb
45,CG11_big_fil_rev_8_21_14_0.20_scaffold_98546_1,Micrarchaeota,IIIb
46,CG11_big_fil_rev_8_21_14_0.20_scaffold_98546_1,Micrarchaeota,IIIb
47,CG23_combo_of_CG0609_8_20_14_all_150_scaffold_130068_2,Micrarchaeota,IIIb
48,CG23_combo_of_CG0609_8_20_14_all_150_scaffold_130068_2,Micrarchaeota,IIIb
49,CG_201518_scaffold_160514_1,Micrarchaeota,IIIb
50,CG_201518_scaffold_160514_1,Micrarchaeota,IIIb
51,CG_4_10_14_0.2_scaffold_37340_1,Micrarchaeota,IIIb
52,CG_4_10_14_0.2_scaffold_37340_1,Micrarchaeota,IIIb
53,RBG_16_scaffold_12677_9,Micrarchaeota,IIIb
54,RBG_16_scaffold_12677_9,Micrarchaeota,IIIb
55,mol321605070610_1,Micrarchaeota,IIIb
56,mol321605070610_1,Micrarchaeota,IIIb
57,rifcsplowo2_01_scaffold_49323_11,Micrarchaeota,IIIb
58,rifcsplowo2_01_scaffold_49323_11,Micrarchaeota,IIIb
59,rifcsplowo2_01_scaffold_51891_2,Micrarchaeota,IIIb
60,rifcsplowo2_01_scaffold_51891_2,Micrarchaeota,IIIb
61,16ft_4_scaffold_166118_1,Pacearchaeota,IIIb
62,16ft_4_scaffold_166118_1,Pacearchaeota,IIIb
63,CG06_land_8_20_14_3.00_150_scaffold_1834_c_8,Pacearchaeota,IIIb
64,CG06_land_8_20_14_3.00_150_scaffold_1834_c_8,Pacearchaeota,IIIb
65,CG10_big_fil_rev_8_21_14_0.10_scaffold_8652_c_5,Pacearchaeota,IIIb
66,CG10_big_fil_rev_8_21_14_0.10_scaffold_8652_c_5,Pacearchaeota,IIIb
67,CG_201519_scaffold_109081_1,Pacearchaeota,IIIb
68,CG_201519_scaffold_109081_1,Pacearchaeota,IIIb
69,CG_4_9_14_0.2_um_filter_scaffold_45485_3,Pacearchaeota,IIIb
70,CG_4_9_14_0.2_um_filter_scaffold_45485_3,Pacearchaeota,IIIb
71,RBG_13_scaffold_1813_22,Pacearchaeota,IIIb
72,RBG_13_scaffold_1813_22,Pacearchaeota,IIIb
73,RifSed_csp1_13ft_1_scaffold_35671_4,Pacearchaeota,IIIb
74,RifSed_csp1_13ft_1_scaffold_35671_4,Pacearchaeota,IIIb
75,RifSed_csp1_19ft_2_scaffold_187283_2,Pacearchaeota,IIIb
76,RifSed_csp1_19ft_2_scaffold_187283_2,Pacearchaeota,IIIb
77,RifSed_csp1_19ft_3_scaffold_56327_3,Pacearchaeota,IIIb
78,RifSed_csp1_19ft_3_scaffold_56327_3,Pacearchaeota,IIIb
79,RifSed_csp1_19ft_4_scaffold_32161_5,Pacearchaeota,IIIb
80,RifSed_csp1_19ft_4_scaffold_32161_5,Pacearchaeota,IIIb
81,RifSed_csp2_10ft_3_scaffold_402847_1,Pacearchaeota,IIIb
82,RifSed_csp2_10ft_3_scaffold_402847_1,Pacearchaeota,IIIb
83,RifSed_csp2_16ft_2_scaffold_361294_1,Pacearchaeota,IIIb
84,RifSed_csp2_16ft_2_scaffold_361294_1,Pacearchaeota,IIIb
85,RifSed_csp2_16ft_2_scaffold_571319_1,Pacearchaeota,IIIb
86,RifSed_csp2_16ft_2_scaffold_571319_1,Pacearchaeota,IIIb
87,UBA284contig_56696_5,Pacearchaeota,IIIb
88,UBA284contig_56696_5,Pacearchaeota,IIIb
89,gwa1_scaffold_8053_8,Pacearchaeota,IIIb
90,gwa1_scaffold_8053_8,Pacearchaeota,IIIb
91,mol321605029005_8,Pacearchaeota,IIIb
92,mol321605029005_8,Pacearchaeota,IIIb
93,rifcsphigho2_01_scaffold_111818_5,Pacearchaeota,IIIb
94,rifcsphigho2_01_scaffold_111818_5,Pacearchaeota,IIIb
95,rifcsphigho2_01_scaffold_125633_2,Pacearchaeota,IIIb
96,rifcsphigho2_01_scaffold_125633_2,Pacearchaeota,IIIb
97,rifcsphigho2_02_scaffold_58627_1,Pacearchaeota,IIIb
98,rifcsphigho2_02_scaffold_58627_1,Pacearchaeota,IIIb
99,rifcsphigho2_12_scaffold_1445_63,Pacearchaeota,IIIb
100,rifcsphigho2_12_scaffold_1445_63,Pacearchaeota,IIIb
101,rifcsplowo2_01_scaffold_200222_1,Pacearchaeota,IIIb
102,rifcsplowo2_01_scaffold_200222_1,Pacearchaeota,IIIb
103,rifcsplowo2_01_scaffold_38123_6,Pacearchaeota,IIIb
104,rifcsplowo2_01_scaffold_38123_6,Pacearchaeota,IIIb
105,rifcsplowo2_01_scaffold_391963_1,Pacearchaeota,IIIb
106,rifcsplowo2_01_scaffold_391963_1,Pacearchaeota,IIIb
107,rifcsplowo2_01_scaffold_51844_6,Pacearchaeota,IIIb
108,rifcsplowo2_01_scaffold_51844_6,Pacearchaeota,IIIb
109,rifcsplowo2_01_scaffold_5197_14,Pacearchaeota,IIIb
110,rifcsplowo2_01_scaffold_5197_14,Pacearchaeota,IIIb
111,rifcsplowo2_01_scaffold_53007_11,Pacearchaeota,IIIb
112,rifcsplowo2_01_scaffold_53007_11,Pacearchaeota,IIIb
113,rifcsplowo2_01_scaffold_95698_5,Pacearchaeota,IIIb
114,rifcsplowo2_01_scaffold_95698_5,Pacearchaeota,IIIb
115,rifcsplowo2_02_scaffold_295114_1,Pacearchaeota,IIIb
116,rifcsplowo2_02_scaffold_295114_1,Pacearchaeota,IIIb
117,rifoxyb2_full_scaffold_57680_2,Pacearchaeota,IIIb
118,rifoxyb2_full_scaffold_57680_2,Pacearchaeota,IIIb
119,rifoxyd1_full_scaffold_56120_1,Pacearchaeota,IIIb
120,rifoxyd1_full_scaffold_56120_1,Pacearchaeota,IIIb
121,Ferroglobus_placidus_YP_00343593_REF,reference,IIIb
122,Ferroglobus_placidus_YP_00343593_REF,reference,IIIb
123,Ignisphaera_aggregans_YP_00386030_REF,reference,IIIb
124,Ignisphaera_aggregans_YP_00386030_REF,reference,IIIb
125,WP004977657_Haloferax_gibbonsii_ATCC_3395_REF,reference,IIIb
126,WP004977657_Haloferax_gibbonsii_ATCC_3395_REF,reference,IIIb
127,ZP_09027197_Desulfurococcus_fermentans_DSM_16532_II_REF,reference,IIIb
128,ZP_09027197_Desulfurococcus_fermentans_DSM_16532_II_REF,reference,IIIb
129,CG08_land_8_20_14_0.20_scaffold_141789_1,Kuenenbacteria,IIIc
130,CG08_land_8_20_14_0.20_scaffold_141789_1,Kuenenbacteria,IIIc
131,rifcsphigho2_01_scaffold_71747_2,Kuenenbacteria,IIIc
132,rifcsphigho2_01_scaffold_71747_2,Kuenenbacteria,IIIc
133,img_2264877716_46,unknown,IIIc
134,img_2264877716_46,unknown,IIIc
135,UBA3081contig_986_14,Dojkabacteria,IIIlike
136,UBA3081contig_986_14,Dojkabacteria,IIIlike
137,bjp_ig2158_scaffold_0_692,Dojkabacteria,IIIlike
138,bjp_ig2158_scaffold_0_692,Dojkabacteria,IIIlike
139,RBG_13_scaffold_565_33,Gottesmanbacteria,IIIlike
140,RBG_13_scaffold_565_33,Gottesmanbacteria,IIIlike
141,mol321605013658_7,Gottesmanbacteria,IIIlike
142,mol321605013658_7,Gottesmanbacteria,IIIlike
143,rifcsphigho2_02_scaffold_83541_5,Gottesmanbacteria,IIIlike
144,rifcsphigho2_02_scaffold_83541_5,Gottesmanbacteria,IIIlike
145,rifcsplowo2_01_scaffold_312661_3,Gottesmanbacteria,IIIlike
146,rifcsplowo2_01_scaffold_312661_3,Gottesmanbacteria,IIIlike
147,rifcsphigho2_01_scaffold_125366_1,Pacearchaeota,IIIlike
148,rifcsphigho2_01_scaffold_125366_1,Pacearchaeota,IIIlike
149,rifcsphigho2_01_scaffold_156249_3,Pacearchaeota,IIIlike
150,rifcsphigho2_01_scaffold_156249_3,Pacearchaeota,IIIlike
151,rifcsplowo2_12_scaffold_228026_1,Pacearchaeota,IIIlike
152,rifcsplowo2_12_scaffold_228026_1,Pacearchaeota,IIIlike
153,rifoxya1_full_scaffold_21555_2,Pacearchaeota,IIIlike
154,rifoxya1_full_scaffold_21555_2,Pacearchaeota,IIIlike
155,rifoxyb1_full_scaffold_56378_1,Pacearchaeota,IIIlike
156,rifoxyb1_full_scaffold_56378_1,Pacearchaeota,IIIlike
157,rifoxyd1_full_scaffold_17021_2,Pacearchaeota,IIIlike
158,rifoxyd1_full_scaffold_17021_2,Pacearchaeota,IIIlike
159,AAU23062_Bacillus_licheniformis_ATCC_14580_IV_Ykr_REF,reference,IV
160,AAU23062_Bacillus_licheniformis_ATCC_14580_IV_Ykr_REF,reference,IV
161,ABC22798_Rhodospirillum_rubrum_IV_DeepYk_REF,reference,IV
162,ABC22798_Rhodospirillum_rubrum_IV_DeepYk_REF,reference,IV
163,RBG_16_scaffold_32845_14,Micrarchaeota,unknown
164,RBG_16_scaffold_32845_14,Micrarchaeota,unknown
165,RBCSeed_31 RIFCSPLOWO2_02_FULL_OP11_38_8_rifcsplowo2_02_scaffold_81990_5,Gottesmanbacteria,II/III
166,RBCSeed_26 gi|818320692|gb|KKQ04046.1|,Dojkabacteria,II/III
167,"gwa2_scaffold_913_23 Ribulose bisphosphate carboxylase, type III Tax=GWC2_OD1_39_14 id=5012952 bin=""GWA2_OD1_40_23"" species=GWC2_OD1_39_14 genus=unknown taxon_order=unknown taxon_class=unknown phylum=Parcubacteria organism_tax=GWC2_OD1_39_14, Parcubacteria, Bacteria",Parcubacteria,IIIc
168,"RBG_19FT_COMBO_Archaea_DUSEL1_34_9_rbg_19ft_combo_scaffold_707_32 ribulose bisphosphate carboxylase, type III (EC:4.1.1.39); K01601 ribulose-bisphosphate carboxylase large chain [EC:4.1.1.39] Tax=RBG_13_Pacearchaeota_33_26_curated id=87218159 bin=""Candidatus Pacearchaeota archaeon RBG_19FT_COMBO_34_9"" species=RBG_13_Pacearchaeota_33_26_curated genus=unknown taxon_order=unknown taxon_class=Pacearchaeota phylum=DPANN organism_tax=RBG_13_Pacearchaeota_33_26_curated, Pacearchaeota, DPANN, Archaea",Pacearchaeota,IIIb
169,"RIFCSPHIGHO2_02_FULL_OP11_39_11_rifcsphigho2_02_scaffold_11740_29 ribulose bisphosphate carboxylase, type III; K01601 ribulose-bisphosphate carboxylase large chain [EC:4.1.1.39] Tax=RIFCSPHIGHO2_02_FULL_OP11_Gottesmanbacteria_39_11_curated id=87856221 bin=""Candidatus Gottesmanbacteria bacterium RIFCSPHIGHO2_02_FULL_39_11"" species=RIFCSPHIGHO2_02_FULL_OP11_Gottesmanbacteria_39_11_curated genus=unknown taxon_order=unknown taxon_class=Gottesmanbacteria phylum=Microgenomates organism_tax=RIFCSPHIGHO2_02_FULL_OP11_Gottesmanbacteria_39_11_curated",Gottesmanbacteria,IIIlike
170,"gi|851165346|ref|WP_048093891.1| type III ribulose-bisphosphate carboxylase [Candidatus Methanoperedens nitroreducens] >gi|630828655|gb|KCZ70371.1| ribulose bisphosphate carboxylase, type III [Candidatus Methanoperedens nitroreducens]",reference,IIIb
171,2_Hydrogenovibrio_marinus_BAD1531_REF,reference,I
172,2_Hydrogenovibrio_marinus_BAD1531_REF,reference,I
173,Nitrococcus_mobilis_ZP_0112568_REF,reference,I
174,Nitrococcus_mobilis_ZP_0112568_REF,reference,I
175,"gi|158512861|sp|A2SFV1.1|RBL1A_METPP RecName: Full=Ribulose bisphosphate carboxylase large chain 1; Short=RuBisCO large subunit 1 >gi|124259446|gb|ABM94440.1| ribulose-1,5-bisphosphate carboxylase/oxygenase large subunit [Methylibium petroleiphilum PM1]",reference,I
176,AAN52766_Rhodopseudomonas_palustris_I_REF,reference,II
177,AAN52766_Rhodopseudomonas_palustris_I_REF,reference,II
178,RBC3_1 WP_012823967.1,reference,II
179,RBC_123 gi|501530536|ref|WP_012537012.1|,reference,II
180,RBC_123 gi|501530536|ref|WP_012537012.1|,reference,II
181,UBA5232contig_5010_25,Dojkabacteria,II/III
182,UBA5232contig_5010_25,Dojkabacteria,II/III
183,bjp_ig2599_sub10_scaffold_1302_18,Micrarchaeota,II/III
184,bjp_ig2599_sub10_scaffold_1302_18,Micrarchaeota,II/III
185,Crystal_Geyser_CG15_big_fil_post_rev_8_21_14_0.20_scaffold_4700_5,Peregrinibacteria,II/III
186,Crystal_Geyser_CG15_big_fil_post_rev_8_21_14_0.20_scaffold_4700_5,Peregrinibacteria,II/III
187,gwa2_scaffold_61538_7,Peregrinibacteria,II/III
188,gwa2_scaffold_61538_7,Peregrinibacteria,II/III
189,rifixya3_full_scaffold_35984_2,Peregrinibacteria,II/III
190,rifixya3_full_scaffold_35984_2,Peregrinibacteria,II/III
191,RBC4_4 gi|504865161|ref|WP_015052263.1|,reference,II/III
192,RBCSeed_14 gi|502802415|ref|WP_013037391.1|,reference,II/III
193,rifcsplowo2_02_scaffold_215139_2,Aenigmarchaeota,IIIb
194,rifcsplowo2_02_scaffold_215139_2,Aenigmarchaeota,IIIb
195,rifcsplowo2_12_scaffold_170419_2,Amesbacteria,IIIb
196,rifcsplowo2_12_scaffold_170419_2,Amesbacteria,IIIb
197,RifSed_csp2_13ft_1_scaffold_420248_2,Levybacteria,IIIb
198,RifSed_csp2_13ft_1_scaffold_420248_2,Levybacteria,IIIb
199,RifSed_csp2_13ft_2_scaffold_441897_1,Levybacteria,IIIb
200,RifSed_csp2_13ft_2_scaffold_441897_1,Levybacteria,IIIb
201,CG07_land_8_20_14_0.80_scaffold_42665_1,Micrarchaeota,IIIb
202,CG07_land_8_20_14_0.80_scaffold_42665_1,Micrarchaeota,IIIb
203,CG10_big_fil_rev_8_21_14_0.10_scaffold_1834_23,Micrarchaeota,IIIb
204,CG10_big_fil_rev_8_21_14_0.10_scaffold_1834_23,Micrarchaeota,IIIb
205,CG_201513_scaffold_41721_2,Micrarchaeota,IIIb
206,CG_201513_scaffold_41721_2,Micrarchaeota,IIIb
207,CG_201513_scaffold_88435_1,Micrarchaeota,IIIb
208,CG_201513_scaffold_88435_1,Micrarchaeota,IIIb
209,CG_4_10_14_0.8_um_filter_scaffold_69571_1,Micrarchaeota,IIIb
210,CG_4_10_14_0.8_um_filter_scaffold_69571_1,Micrarchaeota,IIIb
211,RifSed_csp2_13ft_1_scaffold_60832_1,Micrarchaeota,IIIb
212,RifSed_csp2_13ft_1_scaffold_60832_1,Micrarchaeota,IIIb
213,gwa2_scaffold_25721_1,Micrarchaeota,IIIb
214,gwa2_scaffold_25721_1,Micrarchaeota,IIIb
215,rifoxyd1_full_scaffold_54939_2,Micrarchaeota,IIIb
216,rifoxyd1_full_scaffold_54939_2,Micrarchaeota,IIIb
217,CG10_big_fil_rev_8_21_14_0.10_scaffold_127377_1,Pacearchaeota,IIIb
218,CG10_big_fil_rev_8_21_14_0.10_scaffold_127377_1,Pacearchaeota,IIIb
219,CG10_big_fil_rev_8_21_14_0.10_scaffold_22081_3,Pacearchaeota,IIIb
220,CG10_big_fil_rev_8_21_14_0.10_scaffold_22081_3,Pacearchaeota,IIIb
221,CG10_big_fil_rev_8_21_14_0.10_scaffold_28047_3,Pacearchaeota,IIIb
222,CG10_big_fil_rev_8_21_14_0.10_scaffold_28047_3,Pacearchaeota,IIIb
223,GWB1_scaffold_16004_5,Pacearchaeota,IIIb
224,GWB1_scaffold_16004_5,Pacearchaeota,IIIb
225,RBG_16_scaffold_11079_2,Pacearchaeota,IIIb
226,RBG_16_scaffold_11079_2,Pacearchaeota,IIIb
227,RifSed_csp1_19ft_4_scaffold_33260_6,Pacearchaeota,IIIb
228,RifSed_csp1_19ft_4_scaffold_33260_6,Pacearchaeota,IIIb
229,RifSed_csp2_19ft_2_scaffold_12174_2,Pacearchaeota,IIIb
230,RifSed_csp2_19ft_2_scaffold_12174_2,Pacearchaeota,IIIb
231,rifcsphigho2_01_scaffold_156759_4,Pacearchaeota,IIIb
232,rifcsphigho2_01_scaffold_156759_4,Pacearchaeota,IIIb
233,rifcsphigho2_01_scaffold_257738_1,Pacearchaeota,IIIb
234,rifcsphigho2_01_scaffold_257738_1,Pacearchaeota,IIIb
235,rifcsphigho2_01_scaffold_66616_16,Pacearchaeota,IIIb
236,rifcsphigho2_01_scaffold_66616_16,Pacearchaeota,IIIb
237,rifcsphigho2_01_scaffold_82070_3,Pacearchaeota,IIIb
238,rifcsphigho2_01_scaffold_82070_3,Pacearchaeota,IIIb
239,rifcsphigho2_02_scaffold_8518_20,Pacearchaeota,IIIb
240,rifcsphigho2_02_scaffold_8518_20,Pacearchaeota,IIIb
241,rifcsplowo2_01_scaffold_159277_2,Pacearchaeota,IIIb
242,rifcsplowo2_01_scaffold_159277_2,Pacearchaeota,IIIb
243,rifcsplowo2_01_scaffold_202_72,Pacearchaeota,IIIb
244,rifcsplowo2_01_scaffold_202_72,Pacearchaeota,IIIb
245,rifcsplowo2_01_scaffold_24480_6,Pacearchaeota,IIIb
246,rifcsplowo2_01_scaffold_24480_6,Pacearchaeota,IIIb
247,rifcsplowo2_01_scaffold_256272_1,Pacearchaeota,IIIb
248,rifcsplowo2_01_scaffold_256272_1,Pacearchaeota,IIIb
249,rifcsplowo2_01_scaffold_309117_2,Pacearchaeota,IIIb
250,rifcsplowo2_01_scaffold_309117_2,Pacearchaeota,IIIb
251,rifcsplowo2_01_scaffold_349272_1,Pacearchaeota,IIIb
252,rifcsplowo2_01_scaffold_349272_1,Pacearchaeota,IIIb
253,rifcsplowo2_01_scaffold_401896_1,Pacearchaeota,IIIb
254,rifcsplowo2_01_scaffold_401896_1,Pacearchaeota,IIIb
255,rifcsplowo2_01_scaffold_474979_2,Pacearchaeota,IIIb
256,rifcsplowo2_01_scaffold_474979_2,Pacearchaeota,IIIb
257,rifcsplowo2_01_scaffold_51839_11,Pacearchaeota,IIIb
258,rifcsplowo2_01_scaffold_51839_11,Pacearchaeota,IIIb
259,rifoxyc1_full_scaffold_36956_1,Pacearchaeota,IIIb
260,rifoxyc1_full_scaffold_36956_1,Pacearchaeota,IIIb
261,rifoxyc1_full_scaffold_38709_3,Pacearchaeota,IIIb
262,rifoxyc1_full_scaffold_38709_3,Pacearchaeota,IIIb
263,CG10_big_fil_rev_8_21_14_0.10_scaffold_48964_c_1,Woesearchaeota,IIIb
264,CG10_big_fil_rev_8_21_14_0.10_scaffold_48964_c_1,Woesearchaeota,IIIb
265,rifcsphigho2_01_scaffold_7865_10,Woesearchaeota,IIIb
266,rifcsphigho2_01_scaffold_7865_10,Woesearchaeota,IIIb
267,rifcsphigho2_02_scaffold_55123_15,Woesearchaeota,IIIb
268,rifcsphigho2_02_scaffold_55123_15,Woesearchaeota,IIIb
269,rifcsplowo2_01_scaffold_53096_8,Woesearchaeota,IIIb
270,rifcsplowo2_01_scaffold_53096_8,Woesearchaeota,IIIb
271,CAI49476_Natronomonas_pharaonis_DSM_2160_II_REF,reference,IIIb
272,CAI49476_Natronomonas_pharaonis_DSM_2160_II_REF,reference,IIIb
273,NP_070466_Archaeoglobus_fulgidus_DSM_4304_II_REF,reference,IIIb
274,NP_070466_Archaeoglobus_fulgidus_DSM_4304_II_REF,reference,IIIb
275,WP004043974_Haloferax_volcanii_DS_REF,reference,IIIb
276,WP004043974_Haloferax_volcanii_DS_REF,reference,IIIb
277,YP002960117_Thermococcus_gammatolerans_EJ_REF,reference,IIIb
278,YP002960117_Thermococcus_gammatolerans_EJ_REF,reference,IIIb
279,gwc2_scaffold_9210_4,Gottesmanbacteria,IIIc
280,gwc2_scaffold_9210_4,Gottesmanbacteria,IIIc
281,gwa2_scaffold_5659_22,Parcubacteria,IIIc
282,gwa2_scaffold_5659_22,Parcubacteria,IIIc
283,RifSed_csp1_13ft_4_scaffold_30323_4,Gottesmanbacteria,IIIlike
284,RifSed_csp1_13ft_4_scaffold_30323_4,Gottesmanbacteria,IIIlike
285,RifSed_csp1_19ft_4_scaffold_94308_4,Gottesmanbacteria,IIIlike
286,RifSed_csp1_19ft_4_scaffold_94308_4,Gottesmanbacteria,IIIlike
287,RifSed_csp2_13ft_2_scaffold_388165_1,Gottesmanbacteria,IIIlike
288,RifSed_csp2_13ft_2_scaffold_388165_1,Gottesmanbacteria,IIIlike
289,rifcsphigho2_01_scaffold_9117_11,Gottesmanbacteria,IIIlike
290,rifcsphigho2_01_scaffold_9117_11,Gottesmanbacteria,IIIlike
291,CG10_big_fil_rev_8_21_14_0.10_scaffold_76659_1,Pacearchaeota,IIIlike
292,CG10_big_fil_rev_8_21_14_0.10_scaffold_76659_1,Pacearchaeota,IIIlike
293,CG_201510_scaffold_33734_2,Pacearchaeota,IIIlike
294,CG_201510_scaffold_33734_2,Pacearchaeota,IIIlike
295,rifcsphigho2_01_scaffold_1015_10,Pacearchaeota,IIIlike
296,rifcsphigho2_01_scaffold_1015_10,Pacearchaeota,IIIlike
297,rifcsphigho2_01_scaffold_42348_2,Pacearchaeota,IIIlike
298,rifcsphigho2_01_scaffold_42348_2,Pacearchaeota,IIIlike
299,rifcsphigho2_02_scaffold_440038_1,Pacearchaeota,IIIlike
300,rifcsphigho2_02_scaffold_440038_1,Pacearchaeota,IIIlike
301,rifcsplowo2_01_scaffold_11977_10,Pacearchaeota,IIIlike
302,rifcsplowo2_01_scaffold_11977_10,Pacearchaeota,IIIlike
303,rifcsplowo2_01_scaffold_369553_1,Pacearchaeota,IIIlike
304,rifcsplowo2_01_scaffold_369553_1,Pacearchaeota,IIIlike
305,rifoxyc1_sub10_scaffold_612_2,Pacearchaeota,IIIlike
306,rifoxyc1_sub10_scaffold_612_2,Pacearchaeota,IIIlike
307,rifcsplowo2_02_scaffold_9609_9,Parcubacteria,IV
308,rifcsplowo2_02_scaffold_9609_9,Parcubacteria,IV
309,BAD64310_Bacillus_clausii_KSM_K16_IV_Ykr_REF,reference,IV
310,BAD64310_Bacillus_clausii_KSM_K16_IV_Ykr_REF,reference,IV
311,YP_569369_Rhodopseudomonas_palustris_BisB5_IV_DeepYk_REF,reference,IV
312,YP_569369_Rhodopseudomonas_palustris_BisB5_IV_DeepYk_REF,reference,IV
313,YP_742007_Alkalilimnicola_ehrlichei_MLHE_1_IV_DeepYk_REF,reference,IV
314,YP_742007_Alkalilimnicola_ehrlichei_MLHE_1_IV_DeepYk_REF,reference,IV
315,rifcsphigho2_12_scaffold_162_94_PHAGE,putative_phage,IVlike
316,rifcsphigho2_12_scaffold_162_94_PHAGE,putative_phage,IVlike
317,UBA93contig_1572_78,Micrarchaeota,unknown
318,UBA93contig_1572_78,Micrarchaeota,unknown
319,UBA96contig_21807_17,Micrarchaeota,unknown
320,UBA96contig_21807_17,Micrarchaeota,unknown
321,"gwa2_scaffold_143220_2 Ribulose bisphosphate carboxylase, type III Tax=OP11_GWA2_32_13 id=2264872 bin=""OP11_GWA2_32_13"" species=OP11_GWA2_32_13 genus=unknown taxon_order=unknown taxon_class=Roizmanbacteria phylum=Microgenomates organism_tax=OP11_GWA2_32_13, Roizmanbacteria, Microgenomates, Bacteria organism_desc=partial",Roizmanbacteria,IIIlike
322,gi|1176153972|gb|OQX71191.1| type III ribulose-bisphosphate carboxylase [Candidatus Parcubacteria bacterium 4484_255],Parcubacteria,IIIc
323,gi|1176153972|gb|OQX71191.1| type III ribulose-bisphosphate carboxylase [Candidatus Parcubacteria bacterium 4484_255],reference,IIIc
324,"gi|499235892|ref|WP_010933432.1| ribulose bisphosphate carboxylase-like protein [Chlorobaculum tepidum] >gi|21674586|ref|NP_662651.1| ribulose bisphosphate carboxylase, large subunit [Chlorobium tepidum TLS] >gi|73621445|sp|Q8KBL4.1|RBLL_CHLTE RecName: Full=Ribulose bisphosphate carboxylase-like protein; Short=RuBisCO-like protein >gi|55669908|pdb|1TEL|A Chain A, Crystal Structure Of A Rubisco-Like Protein From Chlorobium Tepidum >gi|55669909|pdb|1TEL|B Chain B, Crystal Structure Of A Rubisco-Like Protein From Chlorobium Tepidum >gi|21647784|gb|AAM72993.1| ribulose bisphosphate carboxylase, large subunit [Chlorobium tepidum TLS]",reference,IV
325,"gi|499228489|ref|WP_010926029.1| ribulose-bisphosphate carboxylase [Bordetella bronchiseptica] >gi|81175002|sp|Q7WNK2.1|RBLL_BORBR RecName: Full=Uncharacterized ribulose bisphosphate carboxylase-like protein; Short=RuBisCO-like protein >gi|33567621|emb|CAE31534.1| putative ribulose bisphosphate carboxylaseoxygenase,large subunit [Bordetella bronchiseptica RB50] >gi|620707103|gb|KAK66377.1| ribulose bisphosphate carboxylase large chain, catalytic domain protein [Bordetella bronchiseptica 980-2] >gi|627896366|gb|KCV51472.1| ribulose bisphosphate carboxylase large chain, catalytic domain protein [Bordetella bronchiseptica 3E44] >gi|627902442|gb|KCV57153.1| ribulose bisphosphate carboxylase large chain, catalytic domain protein [Bordetella bronchiseptica 980] >gi|633398875|gb|KDB84842.1| ribulose bisphosphate carboxylase large chain, catalytic domain protein [Bordetella bronchiseptica D756] >gi|633406845|gb|KDB92504.1| ribulose bisphosphate carboxylase large chain, catalytic domain protein [Bordetella bronchiseptica D989] >gi|633580524|gb|KDD52023.1| ribulose bisphosphate carboxylase large chain, catalytic domain protein [Bordetella bronchiseptica RB630] >gi|991924307|gb|AMG87513.1| ribulose 1,5-bisphosphate carboxylase [Bordetella bronchiseptica]",reference,IV
326,"TARA_037.SAMEA2619974.600.0.1-0.22_6329_9 /annotation=Ribulose bisphosphate carboxylase, type III /ngenes=18",Pacearchaeota,IIIb
327,Allochromatium_vinosum_YP_00344469_REF,reference,I
328,Allochromatium_vinosum_YP_00344469_REF,reference,I
329,Cupriavidus_metallidurans_YP_58365_REF,reference,I
330,Cupriavidus_metallidurans_YP_58365_REF,reference,I
331,Paracoccus_sp_TRP_ZP_0866487_REF,reference,I
332,Paracoccus_sp_TRP_ZP_0866487_REF,reference,I
333,gi|497544748|ref|WP_009858946.1| ribulose-bisphosphate carboxylase large subunit [Rubrivivax benzoatilyticus] >gi|332112588|gb|EGJ12381.1| ribulose bisophosphate carboxylase [Rubrivivax benzoatilyticus JA2 = ATCC BAA-35],reference,I
334,AAG37859_Symbiodinium_sp_I_REF,reference,II
335,AAG37859_Symbiodinium_sp_I_REF,reference,II
336,RBC_26 gi|499782958|ref|WP_011463692.1|,reference,II
337,CG_4_10_14_0.2_scaffold_11904_c_5,Dojkabacteria,II/III
338,CG_4_10_14_0.2_scaffold_11904_c_5,Dojkabacteria,II/III
339,UBA2022contig_15642_11,Dojkabacteria,II/III
340,UBA2022contig_15642_11,Dojkabacteria,II/III
341,Ig5771_scaffold_652_7,Pacearchaeota,II/III
342,Ig5771_scaffold_652_7,Pacearchaeota,II/III
343,rifoxyc1_full_scaffold_4459_6,Pacearchaeota,II/III
344,rifoxyc1_full_scaffold_4459_6,Pacearchaeota,II/III
345,07M_4_2014_scaffold_14364_2,Peregrinibacteria,II/III
346,07M_4_2014_scaffold_14364_2,Peregrinibacteria,II/III
347,scaffold_6121_5_REF,reference,II/III
348,scaffold_6121_5_REF,reference,II/III
349,CG_201501t_scaffold_70_76,unknown,II/III
350,CG_201501t_scaffold_70_76,unknown,II/III
351,rifcsphigho2_02_scaffold_363598_1,Amesbacteria,IIIb
352,rifcsphigho2_02_scaffold_363598_1,Amesbacteria,IIIb
353,rifcsplowo2_02_scaffold_55575_5,Amesbacteria,IIIb
354,rifcsplowo2_02_scaffold_55575_5,Amesbacteria,IIIb
355,rifcsphigho2_01_scaffold_10007_6,Diapherotrites,IIIb
356,rifcsphigho2_01_scaffold_10007_6,Diapherotrites,IIIb
357,rifcsplowo2_01_scaffold_43_141,Diapherotrites,IIIb
358,rifcsplowo2_01_scaffold_43_141,Diapherotrites,IIIb
359,RBG_16_scaffold_853_33,Levybacteria,IIIb
360,RBG_16_scaffold_853_33,Levybacteria,IIIb
361,07M_4_2014_scaffold_1143_16,Micrarchaeota,IIIb
362,07M_4_2014_scaffold_1143_16,Micrarchaeota,IIIb
363,CG10_big_fil_rev_8_21_14_0.10_scaffold_160807_1,Micrarchaeota,IIIb
364,CG10_big_fil_rev_8_21_14_0.10_scaffold_160807_1,Micrarchaeota,IIIb
365,CG10_big_fil_rev_8_21_14_0.10_scaffold_3334_6,Micrarchaeota,IIIb
366,CG10_big_fil_rev_8_21_14_0.10_scaffold_3334_6,Micrarchaeota,IIIb
367,rifcsplowo2_01_scaffold_45645_1,Micrarchaeota,IIIb
368,rifcsplowo2_01_scaffold_45645_1,Micrarchaeota,IIIb
369,AR10.1_scaffold_8297_1,Pacearchaeota,IIIb
370,AR10.1_scaffold_8297_1,Pacearchaeota,IIIb
371,CG10_big_fil_rev_8_21_14_0.10_scaffold_2738_15,Pacearchaeota,IIIb
372,CG10_big_fil_rev_8_21_14_0.10_scaffold_2738_15,Pacearchaeota,IIIb
373,CG_201501t_scaffold_89495_1,Pacearchaeota,IIIb
374,CG_201501t_scaffold_89495_1,Pacearchaeota,IIIb
375,GWB1_scaffold_22216_8,Pacearchaeota,IIIb
376,GWB1_scaffold_22216_8,Pacearchaeota,IIIb
377,RifSed_csp2_10ft_1_scaffold_178317_3,Pacearchaeota,IIIb
378,RifSed_csp2_10ft_1_scaffold_178317_3,Pacearchaeota,IIIb
379,RifSed_csp2_13ft_2_scaffold_695229_1,Pacearchaeota,IIIb
380,RifSed_csp2_13ft_2_scaffold_695229_1,Pacearchaeota,IIIb
381,rifcsphigho2_01_scaffold_10367_34,Pacearchaeota,IIIb
382,rifcsphigho2_01_scaffold_10367_34,Pacearchaeota,IIIb
383,rifcsphigho2_01_scaffold_15374_6,Pacearchaeota,IIIb
384,rifcsphigho2_01_scaffold_15374_6,Pacearchaeota,IIIb
385,rifcsphigho2_01_scaffold_319644_1,Pacearchaeota,IIIb
386,rifcsphigho2_01_scaffold_319644_1,Pacearchaeota,IIIb
387,rifcsphigho2_01_scaffold_437666_1,Pacearchaeota,IIIb
388,rifcsphigho2_01_scaffold_437666_1,Pacearchaeota,IIIb
389,rifcsphigho2_01_scaffold_52038_9,Pacearchaeota,IIIb
390,rifcsphigho2_01_scaffold_52038_9,Pacearchaeota,IIIb
391,rifcsphigho2_01_scaffold_8061_16,Pacearchaeota,IIIb
392,rifcsphigho2_01_scaffold_8061_16,Pacearchaeota,IIIb
393,rifcsphigho2_01_scaffold_97976_8,Pacearchaeota,IIIb
394,rifcsphigho2_01_scaffold_97976_8,Pacearchaeota,IIIb
395,rifcsphigho2_02_scaffold_110943_6,Pacearchaeota,IIIb
396,rifcsphigho2_02_scaffold_110943_6,Pacearchaeota,IIIb
397,rifcsphigho2_02_scaffold_16976_10,Pacearchaeota,IIIb
398,rifcsphigho2_02_scaffold_16976_10,Pacearchaeota,IIIb
399,rifcsphigho2_02_scaffold_248456_1,Pacearchaeota,IIIb
400,rifcsphigho2_02_scaffold_248456_1,Pacearchaeota,IIIb
401,rifcsphigho2_02_scaffold_27808_2,Pacearchaeota,IIIb
402,rifcsphigho2_02_scaffold_27808_2,Pacearchaeota,IIIb
403,rifcsphigho2_02_scaffold_50705_4,Pacearchaeota,IIIb
404,rifcsphigho2_02_scaffold_50705_4,Pacearchaeota,IIIb
405,rifcsplowo2_01_scaffold_102233_3,Pacearchaeota,IIIb
406,rifcsplowo2_01_scaffold_102233_3,Pacearchaeota,IIIb
407,rifcsplowo2_01_scaffold_112877_5,Pacearchaeota,IIIb
408,rifcsplowo2_01_scaffold_112877_5,Pacearchaeota,IIIb
409,rifcsplowo2_01_scaffold_22357_10,Pacearchaeota,IIIb
410,rifcsplowo2_01_scaffold_22357_10,Pacearchaeota,IIIb
411,rifcsplowo2_01_scaffold_39879_1,Pacearchaeota,IIIb
412,rifcsplowo2_01_scaffold_39879_1,Pacearchaeota,IIIb
413,rifcsplowo2_01_scaffold_412156_2,Pacearchaeota,IIIb
414,rifcsplowo2_01_scaffold_412156_2,Pacearchaeota,IIIb
415,rifcsplowo2_01_scaffold_42386_8,Pacearchaeota,IIIb
416,rifcsplowo2_01_scaffold_42386_8,Pacearchaeota,IIIb
417,rifcsplowo2_12_scaffold_1860_42,Pacearchaeota,IIIb
418,rifcsplowo2_12_scaffold_1860_42,Pacearchaeota,IIIb
419,rifoxya1_full_scaffold_42954_2,Pacearchaeota,IIIb
420,rifoxya1_full_scaffold_42954_2,Pacearchaeota,IIIb
421,WP004216495_Natrialba_magadii_ATCC_4309_REF,reference,IIIb
422,WP004216495_Natrialba_magadii_ATCC_4309_REF,reference,IIIb
423,WP006826142_Natrialba_taiwanensis_DSM_1228_REF,reference,IIIb
424,WP006826142_Natrialba_taiwanensis_DSM_1228_REF,reference,IIIb
425,YP001041057_Staphylothermus_marinus_F_REF,reference,IIIb
426,YP001041057_Staphylothermus_marinus_F_REF,reference,IIIb
427,YP003178578_Halomicrobium_mukohataei_DSM_1228_REF,reference,IIIb
428,YP003178578_Halomicrobium_mukohataei_DSM_1228_REF,reference,IIIb
429,"gi|503448813|ref|WP_013683474.1| type III ribulose-bisphosphate carboxylase [Archaeoglobus veneficus] >gi|327316186|gb|AEA46802.1| ribulose bisphosphate carboxylase, type III [Archaeoglobus veneficus SNP6]",reference,IIIb
430,YP004424539_Pyrococcus_sp_NA_REF,reference,IIIb
431,YP004424539_Pyrococcus_sp_NA_REF,reference,IIIb
432,RBG_13_scaffold_14099_11,Dojkabacteria,IIIc
433,RBG_13_scaffold_14099_11,Dojkabacteria,IIIc
434,CG08_land_8_20_14_0.20_scaffold_311_25,Parcubacteria,IIIc
435,CG08_land_8_20_14_0.20_scaffold_311_25,Parcubacteria,IIIc
436,CG22_combo_CG1013_8_21_14_all_scaffold_27032_2_Parcubacteria,Parcubacteria,IIIc
437,CG22_combo_CG1013_8_21_14_all_scaffold_27032_2_Parcubacteria,Parcubacteria,IIIc
438,Ig5770_scaffold_3414_3,Parcubacteria,IIIc
439,Ig5770_scaffold_3414_3,Parcubacteria,IIIc
440,Ig5185_scaffold_2729_7,Dojkabacteria,IIIlike
441,Ig5185_scaffold_2729_7,Dojkabacteria,IIIlike
442,UBA2259contig_3196_71,Dojkabacteria,IIIlike
443,UBA2259contig_3196_71,Dojkabacteria,IIIlike
444,UBA4813contig_29569_18,Dojkabacteria,IIIlike
445,UBA4813contig_29569_18,Dojkabacteria,IIIlike
446,UBA5749contig_21275_3,Dojkabacteria,IIIlike
447,UBA5749contig_21275_3,Dojkabacteria,IIIlike
448,gwd1_scaffold_9197_5,Dojkabacteria,IIIlike
449,gwd1_scaffold_9197_5,Dojkabacteria,IIIlike
450,MW5_scaffold_55805_2,Gottesmanbacteria,IIIlike
451,MW5_scaffold_55805_2,Gottesmanbacteria,IIIlike
452,rifcsphigho2_02_scaffold_438502_1,Pacearchaeota,IIIlike
453,rifcsphigho2_02_scaffold_438502_1,Pacearchaeota,IIIlike
454,rifcsplowo2_01_scaffold_118_122,Pacearchaeota,IIIlike
455,rifcsplowo2_01_scaffold_118_122,Pacearchaeota,IIIlike
456,rifcsplowo2_01_scaffold_156696_4,Pacearchaeota,IIIlike
457,rifcsplowo2_01_scaffold_156696_4,Pacearchaeota,IIIlike
458,CG_201509_scaffold_5489_2,unknown,IV
459,CG_201509_scaffold_5489_2,unknown,IV
460,RBCSeed_7 gi|1101080583|gb|OIO40810.1|,Pacearchaeota,II/III
461,RBCSeed_7 gi|1101080583|gb|OIO40810.1|,reference,II/III
462,"RBG_16_Archaea_36_9_RBG_16_scaffold_36_87 ribulose bisphosphate carboxylase, type III (EC:4.1.1.39); K01601 ribulose-bisphosphate carboxylase large chain [EC:4.1.1.39] Tax=RBG_16_Micrarchaeota_36_9_curated id=86921465 bin=""Candidatus Micrarchaeota archaeon RBG_16_36_9"" species=RBG_16_Micrarchaeota_36_9_curated genus=unknown taxon_order=unknown taxon_class=unknown phylum=Micrarchaeota organism_tax=RBG_16_Micrarchaeota_36_9_curated",Micrarchaeota,IIIb
463,"cg1_0.2_scaffold_3272_c_4 ribulose bisphosphate carboxylase, type III (EC:4.1.1.39); K01601 ribulose-bisphosphate carboxylase large chain [EC:4.1.1.39] Tax=CG_Gottesman_01 id=91888953 bin=""CG1_02_FULL_Gottesmanbakteria_OP11_37_22_curated"" species=CG_Gottesman_01 genus=unknown taxon_order=unknown taxon_class=Gottesmanbakteria phylum=Microgenomates organism_tax=CG_Gottesman_01, Gottesmanbakteria, Microgenomates, Bacteria",Gottesmanbacteria,IIIc
464,"cg1_0.2_scaffold_3272_c_4 ribulose bisphosphate carboxylase, type III (EC:4.1.1.39); K01601 ribulose-bisphosphate carboxylase large chain [EC:4.1.1.39] Tax=CG_Gottesman_01 id=91888953 bin=""CG1_02_FULL_Gottesmanbakteria_OP11_37_22_curated"" species=CG_Gottesman_01 genus=unknown taxon_order=unknown taxon_class=Gottesmanbakteria phylum=Microgenomates organism_tax=CG_Gottesman_01, Gottesmanbakteria, Microgenomates, Bacteria",reference,IIIc
465,"RIFCSPHIGHO2_01_FULL_OD1_39_14_rifcsphigho2_01_scaffold_71123_4 ribulose bisphosphate carboxylase, type III (EC:4.1.1.39); K01601 ribulose-bisphosphate carboxylase large chain [EC:4.1.1.39] Tax=RBG_16_Archaea_50_20_curated id=87383137 bin=""Candidatus Buchananbacteria bacterium RIFCSPHIGHO2_01_FULL_39_14"" species=RBG_16_Archaea_50_20_curated genus=unknown taxon_order=unknown taxon_class=unknown phylum=unknown organism_tax=RIFCSPHIGHO2_02_FULL_OD1_Falkowbacteria_39_17_curated, Falkowbacteria, Parcubacteria, Bacteria",Buchananbacteria,IIIb
466,"RBG_16_OP11_38_7b_RBG_16_scaffold_13163_2 ribulose bisphosphate carboxylase, type III; K01601 ribulose-bisphosphate carboxylase large chain [EC:4.1.1.39] Tax=RIFCSPHIGHO2_02_FULL_OP11_Gottesmanbacteria_39_14_curated id=87150874 bin=""Candidatus Gottesmanbacteria bacterium RBG_16_38_7b"" species=RIFCSPHIGHO2_02_FULL_OP11_Gottesmanbacteria_39_14_curated genus=unknown taxon_order=unknown taxon_class=Gottesmanbacteria phylum=Microgenomates organism_tax=RIFCSPHIGHO2_02_FULL_OP11_Gottesmanbacteria_39_14_curated, Gottesmanbacteria, Microgenomates, Bacteria",Gottesmanbacteria,IIIlike
467,"RBG_16_OP11_37_8_RBG_16_scaffold_34109_9 ribulose bisphosphate carboxylase, type III; K01601 ribulose-bisphosphate carboxylase large chain [EC:4.1.1.39] Tax=RBG_16_OP11_Gottesmanbacteria_37_8_curated id=87148575 bin=""Candidatus Gottesmanbacteria bacterium RBG_16_37_8"" species=RBG_16_OP11_Gottesmanbacteria_37_8_curated genus=unknown taxon_order=unknown taxon_class=Gottesmanbacteria phylum=Microgenomates organism_tax=RBG_16_OP11_Gottesmanbacteria_37_8_curated",Gottesmanbacteria,IIIlike
468,"gwa2_scaffold_24083_5 Ribulose 1,5-bisphosphate carboxylase, large subunit Tax=GWA2_OP11_43_10 id=3610793 bin=""GWA2_OP11_43_10"" species=GWA2_OP11_43_10 genus=unknown taxon_order=unknown taxon_class=Beckwithbacteria phylum=Microgenomates organism_tax=GWA2_OP11_43_10, Beckwithbacteria, Microgenomates, Bacteria",Beckwithbacteria,IVlike
469,gi|282156100|dbj|BAI61188.1| ribulose bisphosphate carboxylase [Methanocella paludicola SANAE],reference,IIIa
470,"gi|499635370|ref|WP_011316104.1| Ribulose bisphosphate carboxylase large chain 2 [Nitrobacter winogradskyi] >gi|115502574|sp|Q3SNG2.1|RBL1B_NITWN RecName: Full=Ribulose bisphosphate carboxylase large chain 2; Short=RuBisCO large subunit 2 >gi|74421980|gb|ABA06179.1| ribulose-1,5-bisphosphate carboxylase/oxygenase large subunit [Nitrobacter winogradskyi Nb-255]",reference,I
471,gi|735016550|gb|KHO50554.1| ribulose-bisphosphate carboxylase large chain [archaeon GW2011_AR13],Pacearchaeota,IIIb
472,"gi|225045473|gb|EEG55719.1| ribulose bisphosphate carboxylase large chain, catalytic domain protein [ [[Clostridium asparagiforme] DSM 15981]",reference,IV
473,"TARA_037.SAMEA2619974.600.0.1-0.22_1115_42 /annotation=Ribulose bisphosphate carboxylase, type III /ngenes=50",Pacearchaeota,IIIb
474,TARA_039.SAMEA2620106.270.0.1-0.22_2150_20 /annotation=rbcL; ribulose bisophosphate carboxylase (EC:4.1.1.39) /domain=Archaea /phylum=Pacearchaeota,Pacearchaeota,IIIb
475,gi|502433156|ref|WP_012784207.1| ribulose-bisphosphate carboxylase large subunit [Acidimicrobium ferrooxidans] >gi|256007521|gb|ACU53088.1| Ribulose-bisphosphate carboxylase [Acidimicrobium ferrooxidans DSM 10331],reference,I
476,"gi|30749269|pdb|1IWA|A Chain A, Rubisco From Galdieria Partita >gi|30749271|pdb|1IWA|C Chain C, Rubisco From Galdieria Partita >gi|30749273|pdb|1IWA|E Chain E, Rubisco From Galdieria Partita >gi|30749275|pdb|1IWA|G Chain G, Rubisco From Galdieria Partita >gi|30749277|pdb|1IWA|I Chain I, Rubisco From Galdieria Partita >gi|30749279|pdb|1IWA|K Chain K, Rubisco From Galdieria Partita >gi|30749281|pdb|1IWA|M Chain M, Rubisco From Galdieria Partita >gi|30749283|pdb|1IWA|O Chain O, Rubisco From Galdieria Partita >gi|4519903|dbj|BAA75796.1| ribulose-1,5-bisphosphate carboxylase/oxygenase large subunit (chloroplast) [Galdieria partita]",reference,I
477,"gi|313199630|ref|YP_004021246.1| ribulose-1,5-bisphosphate carboxylase/oxygenase large subunit (chloroplast) [Isoetes flaccida] >gi|577149|gb|AAA57240.1| ribulosebisphosphate carboxylase (chloroplast) [Isoetes melanopoda] >gi|291575359|gb|ADE18072.1| ribulose-1,5-bisphosphate carboxylase/oxygenase large subunit (chloroplast) [Isoetes flaccida]",reference,I
478,"gi|11467508|ref|NP_043654.1| ribulose-1,5-bisphosphate carboxylase/oxygenase large subunit [Odontella sinensis] >gi|1352796|sp|P49520.1|RBL_ODOSI RecName: Full=Ribulose bisphosphate carboxylase large chain; Short=RuBisCO large subunit >gi|1185203|emb|CAA91686.1| Rubisco, large subunit (chloroplast) [Odontella sinensis]",reference,I
479,Picea_abies_CAA5320_REF,reference,I
480,Picea_abies_CAA5320_REF,reference,I
481,"gi|1101743|dbj|BAA04861.1| ribulose-1,5-biphosphate carboxylase/oxygenase, partial [Prochlorococcus marinus]",reference,I
482,YP_001416820_Xanthobacter_autotrophicus_Py2_PutativeType1_REF,reference,I
483,YP_001416820_Xanthobacter_autotrophicus_Py2_PutativeType1_REF,reference,I
484,RBC2_36 gi|497537089|ref|WP_009851287.1|,reference,II
485,RBC2_41 gi|499704342|ref|WP_011385076.1|,reference,II
486,CG_4_10_14_0.8_um_filter_scaffold_123569_1,Dojkabacteria,II/III
487,CG_4_10_14_0.8_um_filter_scaffold_123569_1,Dojkabacteria,II/III
488,gwf2_scaffold_5170_19,Dojkabacteria,II/III
489,gwf2_scaffold_5170_19,Dojkabacteria,II/III
490,rifoxyc1_full_scaffold_2432_3,Pacearchaeota,II/III
491,rifoxyc1_full_scaffold_2432_3,Pacearchaeota,II/III
492,rifoxyd1_full_scaffold_48_74,Pacearchaeota,II/III
493,rifoxyd1_full_scaffold_48_74,Pacearchaeota,II/III
494,rifcsplowo2_01_scaffold_240_75,Woesearchaeota,II/III
495,rifcsplowo2_01_scaffold_240_75,Woesearchaeota,II/III
496,rifoxyb1_full_scaffold_364_31,Woesearchaeota,II/III
497,rifoxyb1_full_scaffold_364_31,Woesearchaeota,II/III
498,RBCSeed_15 gi|503485760|ref|WP_013720421.1|,reference,II/III
499,CG_201503_scaffold_6_523,unknown,II/III
500,CG_201503_scaffold_6_523,unknown,II/III
501,rifcsphigho2_12_scaffold_32189_9,Aenigmarchaeota,IIIb
502,rifcsphigho2_12_scaffold_32189_9,Aenigmarchaeota,IIIb
503,rifcsplowo2_12_scaffold_67979_10,Aenigmarchaeota,IIIb
504,rifcsplowo2_12_scaffold_67979_10,Aenigmarchaeota,IIIb
505,rifcsplowo2_01_scaffold_118545_1,Amesbacteria,IIIb
506,rifcsplowo2_01_scaffold_118545_1,Amesbacteria,IIIb
507,CG08_land_8_20_14_0.20_scaffold_1314_c_7,Diapherotrites,IIIb
508,CG08_land_8_20_14_0.20_scaffold_1314_c_7,Diapherotrites,IIIb
509,CG02_land_8_20_14_3.00_150_scaffold_91997_1,Micrarchaeota,IIIb
510,CG02_land_8_20_14_3.00_150_scaffold_91997_1,Micrarchaeota,IIIb
511,CG08_land_8_20_14_0.20_scaffold_9016_6,Micrarchaeota,IIIb
512,CG08_land_8_20_14_0.20_scaffold_9016_6,Micrarchaeota,IIIb
513,CG09_land_8_20_14_0.10_scaffold_28336_1,Micrarchaeota,IIIb
514,CG09_land_8_20_14_0.10_scaffold_28336_1,Micrarchaeota,IIIb
515,CG10_big_fil_rev_8_21_14_0.10_scaffold_133078_1,Micrarchaeota,IIIb
516,CG10_big_fil_rev_8_21_14_0.10_scaffold_133078_1,Micrarchaeota,IIIb
517,CG10_big_fil_rev_8_21_14_0.10_scaffold_87261_1,Micrarchaeota,IIIb
518,CG10_big_fil_rev_8_21_14_0.10_scaffold_87261_1,Micrarchaeota,IIIb
519,CG_201501_scaffold_106789_1,Micrarchaeota,IIIb
520,CG_201501_scaffold_106789_1,Micrarchaeota,IIIb
521,rifcsp2_19_4_full_scaffold_215841_1,Micrarchaeota,IIIb
522,rifcsp2_19_4_full_scaffold_215841_1,Micrarchaeota,IIIb
523,rifcsplowo2_01_scaffold_135759_3,Micrarchaeota,IIIb
524,rifcsplowo2_01_scaffold_135759_3,Micrarchaeota,IIIb
525,rifcsplowo2_01_scaffold_4893_79,Micrarchaeota,IIIb
526,rifcsplowo2_01_scaffold_4893_79,Micrarchaeota,IIIb
527,rifcsplowo2_01_scaffold_93746_1,Micrarchaeota,IIIb
528,rifcsplowo2_01_scaffold_93746_1,Micrarchaeota,IIIb
529,07M_4_2014_scaffold_1566_11,Pacearchaeota,IIIb
530,07M_4_2014_scaffold_1566_11,Pacearchaeota,IIIb
531,CG10_big_fil_rev_8_21_14_0.10_scaffold_107_143,Pacearchaeota,IIIb
532,CG10_big_fil_rev_8_21_14_0.10_scaffold_107_143,Pacearchaeota,IIIb
533,CG23_combo_of_CG0609_8_20_14_all_150_scaffold_26480_3,Pacearchaeota,IIIb
534,CG23_combo_of_CG0609_8_20_14_all_150_scaffold_26480_3,Pacearchaeota,IIIb
535,GWB1_scaffold_10454_2,Pacearchaeota,IIIb
536,GWB1_scaffold_10454_2,Pacearchaeota,IIIb
537,GWB1_scaffold_2416_28,Pacearchaeota,IIIb
538,GWB1_scaffold_2416_28,Pacearchaeota,IIIb
539,GWB1_scaffold_7630_9,Pacearchaeota,IIIb
540,GWB1_scaffold_7630_9,Pacearchaeota,IIIb
541,RifSed_csp2_10ft_2_scaffold_141884_1,Pacearchaeota,IIIb
542,RifSed_csp2_10ft_2_scaffold_141884_1,Pacearchaeota,IIIb
543,gwa1_scaffold_12779_4,Pacearchaeota,IIIb
544,gwa1_scaffold_12779_4,Pacearchaeota,IIIb
545,gwa1_scaffold_15687_9,Pacearchaeota,IIIb
546,gwa1_scaffold_15687_9,Pacearchaeota,IIIb
547,gwc1_scaffold_2334_8,Pacearchaeota,IIIb
548,gwc1_scaffold_2334_8,Pacearchaeota,IIIb
549,mol3215fa031464_9,Pacearchaeota,IIIb
550,mol3215fa031464_9,Pacearchaeota,IIIb
551,rifcsphigho2_01_scaffold_526185_2,Pacearchaeota,IIIb
552,rifcsphigho2_01_scaffold_526185_2,Pacearchaeota,IIIb
553,rifcsphigho2_01_scaffold_54027_7,Pacearchaeota,IIIb
554,rifcsphigho2_01_scaffold_54027_7,Pacearchaeota,IIIb
555,rifcsphigho2_02_scaffold_33630_15,Pacearchaeota,IIIb
556,rifcsphigho2_02_scaffold_33630_15,Pacearchaeota,IIIb
557,rifcsplowo2_01_scaffold_159415_2,Pacearchaeota,IIIb
558,rifcsplowo2_01_scaffold_159415_2,Pacearchaeota,IIIb
559,rifcsplowo2_01_scaffold_41118_9,Pacearchaeota,IIIb
560,rifcsplowo2_01_scaffold_41118_9,Pacearchaeota,IIIb
561,rifcsplowo2_01_sub10_scaffold_35299_1,Pacearchaeota,IIIb
562,rifcsplowo2_01_sub10_scaffold_35299_1,Pacearchaeota,IIIb
563,rifcsplowo2_02_scaffold_83872_4,Pacearchaeota,IIIb
564,rifcsplowo2_02_scaffold_83872_4,Pacearchaeota,IIIb
565,rifcsphigho2_01_scaffold_37456_9,Woesearchaeota,IIIb
566,rifcsphigho2_01_scaffold_37456_9,Woesearchaeota,IIIb
567,rifcsplowo2_01_scaffold_16673_1,Woesearchaeota,IIIb
568,rifcsplowo2_01_scaffold_16673_1,Woesearchaeota,IIIb
569,WP006666558_Natrialba_aegyptia_DSM_1307_REF,reference,IIIb
570,WP006666558_Natrialba_aegyptia_DSM_1307_REF,reference,IIIb
571,RBC_29 gi|516847257|ref|WP_018128943.1|,reference,IIIb
572,gi|495596802|ref|WP_008321381.1| type III ribulose-bisphosphate carboxylase [Haloferax mucosum] >gi|445740100|gb|ELZ91606.1| ribulose bisophosphate carboxylase [Haloferax mucosum ATCC BAA-1512],reference,IIIb
573,WP008323546_Haloferax_elongans_ATCC_BAA151_REF,reference,IIIb
574,WP008323546_Haloferax_elongans_ATCC_BAA151_REF,reference,IIIb
575,WP009365917_Halogranum_salarium_B_REF,reference,IIIb
576,WP009365917_Halogranum_salarium_B_REF,reference,IIIb
577,YP_003669400_Staphylothermus_hellenicus_DSM_12710_II_REF,reference,IIIb
578,YP_003669400_Staphylothermus_hellenicus_DSM_12710_II_REF,reference,IIIb
579,"gi|500076877|ref|WP_011752890.1| type III ribulose-bisphosphate carboxylase [Thermofilum pendens] >gi|119525253|gb|ABL78625.1| ribulose-1,5-bisphosphate carboxylase/oxygenase large subunit [Thermofilum pendens Hrk 5]",reference,IIIb
580,UBA2393contig_52368_1,Gottesmanbacteria,IIIc
581,UBA2393contig_52368_1,Gottesmanbacteria,IIIc
582,rifcsphigho2_01_scaffold_5271_63,Gottesmanbacteria,IIIc
583,rifcsphigho2_01_scaffold_5271_63,Gottesmanbacteria,IIIc
584,CG10_big_fil_rev_8_21_14_0.10_scaffold_1094_21,Kuenenbacteria,IIIc
585,CG10_big_fil_rev_8_21_14_0.10_scaffold_1094_21,Kuenenbacteria,IIIc
586,CG23_combo_of_CG0609_8_20_14_all_150_scaffold_8060_3,Parcubacteria,IIIc
587,CG23_combo_of_CG0609_8_20_14_all_150_scaffold_8060_3,Parcubacteria,IIIc
588,bjp_ig2599_sub10_scaffold_364_11,Parcubacteria,IIIc
589,bjp_ig2599_sub10_scaffold_364_11,Parcubacteria,IIIc
590,gwc2_scaffold_11863_3,Parcubacteria,IIIc
591,gwc2_scaffold_11863_3,Parcubacteria,IIIc
592,16ft_4_scaffold_46755_1,Gottesmanbacteria,IIIlike
593,16ft_4_scaffold_46755_1,Gottesmanbacteria,IIIlike
594,rifcsphigho2_02_scaffold_255720_1,Gottesmanbacteria,IIIlike
595,rifcsphigho2_02_scaffold_255720_1,Gottesmanbacteria,IIIlike
596,rifoxyc3_full_scaffold_6738_7,Gottesmanbacteria,IIIlike
597,rifoxyc3_full_scaffold_6738_7,Gottesmanbacteria,IIIlike
598,GWB1_scaffold_11255_2,Pacearchaeota,IIIlike
599,GWB1_scaffold_11255_2,Pacearchaeota,IIIlike
600,rifcsplowo2_01_scaffold_107583_2,Pacearchaeota,IIIlike
601,rifcsplowo2_01_scaffold_107583_2,Pacearchaeota,IIIlike
602,rifoxya1_full_scaffold_39886_1,Pacearchaeota,IIIlike
603,rifoxya1_full_scaffold_39886_1,Pacearchaeota,IIIlike
604,rifcsphigho2_12_scaffold_16902_10,Micrarchaeota,IV
605,rifcsphigho2_12_scaffold_16902_10,Micrarchaeota,IV
606,14_1009_16_20cm_scaffold_137301_2,Parcubacteria,IV
607,14_1009_16_20cm_scaffold_137301_2,Parcubacteria,IV
608,rifoxyb1_full_scaffold_10500_4,Parcubacteria,IV
609,rifoxyb1_full_scaffold_10500_4,Parcubacteria,IV
610,RBC_37 gwa2_scaffold_134_63,Microgenomates,IIIlike
611,RBC4_73 gwe2_scaffold_1773_6,Peregrinibacteria,II/III
612,"cg1_0.2_scaffold_115_c_6 ribulose bisphosphate carboxylase, type III (EC:4.1.1.39); K01601 ribulose-bisphosphate carboxylase large chain [EC:4.1.1.39] Tax=CG_Pacearch_04 id=92070905 bin=""CG1_02_FULL_Pacearchaeota_31_27_curated"" species=CG_Pacearch_04 genus=unknown taxon_order=unknown taxon_class=unknown phylum=Pacearchaeota organism_tax=CG_Pacearch_04, Pacearchaeota, Archaea",Pacearchaeota,IIIb
613,"cg1_0.2_scaffold_4554_c_7 rbcL; ribulose bisophosphate carboxylase (EC:4.1.1.39); K01601 ribulose-bisphosphate carboxylase large chain [EC:4.1.1.39] Tax=CG_Pacearch_06 id=91909415 bin=""CG1_02_FULL_novel_Archaea_34_218_curated"" species=CG_Pacearch_06 genus=unknown taxon_order=unknown taxon_class=unknown phylum=Pacearchaeota organism_tax=CG_Pacearch_06, Pacearchaeota, Archaea",Pacearchaeota,IIIb
614,"cg1_0.2_scaffold_7288_c_2 rbcL; ribulose bisophosphate carboxylase (EC:4.1.1.39); K01601 ribulose-bisphosphate carboxylase large chain [EC:4.1.1.39] Tax=CG_Micra_01 id=91821780 bin=""CG1_02_FULL_Micrarchaeota_49_24_curated"" species=CG_Micra_01 genus=unknown taxon_order=unknown taxon_class=unknown phylum=Micraarchaeota organism_tax=CG_Micra_01, Micraarchaeota, Archaea",Micrarchaeota,IIIb
615,"gi|737032401|ref|WP_035027759.1| MULTISPECIES: ribulose-bisphosphate carboxylase large subunit [Devosia] >gi|630005503|emb|CDP50020.1| Ribulose bisphosphate carboxylase large chain [Devosia sp. DBB001] >gi|674763090|gb|KFL28240.1| ribulose 1,5-bisphosphate carboxylase [Devosia sp. 17-2-E-8]",reference,I
616,"gi|492948739|ref|WP_006056824.1| type III ribulose-bisphosphate carboxylase [Halogeometricum borinquense] >gi|312293261|gb|ADQ67721.1| ribulose 1,5-bisphosphate carboxylase large subunit [Halogeometricum borinquense DSM 11551] >gi|445569023|gb|ELY23598.1| ribulose bisophosphate carboxylase [Halogeometricum borinquense DSM 11551]",reference,IIIb
617,gi|735021595|gb|KHO55404.1| ribulose-bisphosphate carboxylase large chain [archaeon GW2011_AR19],Pacearchaeota,IIIlike
618,"gi|499216959|ref|WP_010914499.1| ribulose-bisphosphate carboxylase [Mesorhizobium loti] >gi|14026595|dbj|BAB53192.1| ribulose bisphosphate carboxylase, large subunit [Mesorhizobium loti MAFF303099]",reference,IV
619,"gi|497494967|ref|WP_009809165.1| ribulose-bisphosphate carboxylase [Roseobacter sp. MED193] >gi|85825425|gb|EAQ45624.1| putative ribulose bisphosphate carboxylaseoxygenase,large subunit [Roseobacter sp. MED193]",reference,IV
620,"gi|3183144|sp|Q51856.1|RBL_HYDTE RecName: Full=Ribulose bisphosphate carboxylase large chain; Short=RuBisCO large subunit >gi|505126|dbj|BAA06437.1| ribulose-1,5-bisphosphate carboxylase oxygenase large subunit [Hydrogenophilus thermoluteolus]",reference,I
621,"gi|731517219|gb|AIZ66137.1| ribulose-1,5-bisphosphate carboxylase/oxygenase large subunit [synthetic construct]",reference,I
622,"gi|499441115|ref|WP_011128579.1| MULTISPECIES: ribulose bisphosphate carboxylase large chain [Synechococcus] >gi|81574178|sp|Q7U5I8.1|RBL_SYNPX RecName: Full=Ribulose bisphosphate carboxylase large chain; Short=RuBisCO large subunit >gi|33639225|emb|CAE08233.1| Ribulose bisphosphate carboxylase, large chain [Synechococcus sp. WH 8102] >gi|90655625|gb|ABD96461.1| ribulose-1,5-bisphosphate carboxylase/oxygenase large subunit [uncultured marine type-A Synechococcus GOM 5D20] >gi|874571805|emb|CRY92688.1| Ribulose bisphosphate carboxylase, large subunit [Synechococcus sp. WH 8103]",reference,I
623,gi|503280792|ref|WP_013515453.1| ribulose-bisphosphate carboxylase [Desulfovibrio aespoeensis] >gi|316944493|gb|ADU63544.1| Ribulose-bisphosphate carboxylase [Desulfovibrio aespoeensis Aspo-2],reference,II
624,bjp_ig2158_scaffold_0_9,Dojkabacteria,II/III
625,bjp_ig2158_scaffold_0_9,Dojkabacteria,II/III
626,rifoxyb2_full_scaffold_114_158,Pacearchaeota,II/III
627,rifoxyb2_full_scaffold_114_158,Pacearchaeota,II/III
628,rifoxyb2_full_scaffold_53823_1,Peregrinibacteria,II/III
629,rifoxyb2_full_scaffold_53823_1,Peregrinibacteria,II/III
630,cg2_3.0_scaffold_6121_5,SR1,II/III
631,cg2_3.0_scaffold_6121_5,SR1,II/III
632,rifcsplowo2_02_scaffold_6002_1,Woesearchaeota,II/III
633,rifcsplowo2_02_scaffold_6002_1,Woesearchaeota,II/III
634,RBC2_50 gi|499819577|ref|WP_011500311.1|,reference,II/III
635,RBC2_50 gi|499819577|ref|WP_011500311.1|,reference,II/III
636,MW5_scaffold_28295_1,Amesbacteria,IIIb
637,MW5_scaffold_28295_1,Amesbacteria,IIIb
638,rifcsphigho2_01_scaffold_12654_5,Amesbacteria,IIIb
639,rifcsphigho2_01_scaffold_12654_5,Amesbacteria,IIIb
640,CG13_big_fil_rev_8_21_14_2.50_scaffold_6700_4,CPR,IIIb
641,CG13_big_fil_rev_8_21_14_2.50_scaffold_6700_4,CPR,IIIb
642,CG_4_9_14_3_um_filter_150_scaffold_9172_2,Micrarchaeota,IIIb
643,CG_4_9_14_3_um_filter_150_scaffold_9172_2,Micrarchaeota,IIIb
644,RifSed_csp2_16ft_2_scaffold_576471_1,Micrarchaeota,IIIb
645,RifSed_csp2_16ft_2_scaffold_576471_1,Micrarchaeota,IIIb
646,RifSed_csp2_19ft_2_scaffold_254614_2,Micrarchaeota,IIIb
647,RifSed_csp2_19ft_2_scaffold_254614_2,Micrarchaeota,IIIb
648,cg1_0.2_scaffold_44525_1,Micrarchaeota,IIIb
649,cg1_0.2_scaffold_44525_1,Micrarchaeota,IIIb
650,gwa2_scaffold_48274_5,Micrarchaeota,IIIb
651,gwa2_scaffold_48274_5,Micrarchaeota,IIIb
652,rifcsphigho2_01_scaffold_346573_2,Micrarchaeota,IIIb
653,rifcsphigho2_01_scaffold_346573_2,Micrarchaeota,IIIb
654,rifcsplowo2_01_scaffold_119419_3,Micrarchaeota,IIIb
655,rifcsplowo2_01_scaffold_119419_3,Micrarchaeota,IIIb
656,rifcsplowo2_01_scaffold_17881_1,Micrarchaeota,IIIb
657,rifcsplowo2_01_scaffold_17881_1,Micrarchaeota,IIIb
658,rifcsplowo2_01_scaffold_465272_1,Micrarchaeota,IIIb
659,rifcsplowo2_01_scaffold_465272_1,Micrarchaeota,IIIb
660,rifcsplowo2_01_scaffold_58670_5,Micrarchaeota,IIIb
661,rifcsplowo2_01_scaffold_58670_5,Micrarchaeota,IIIb
662,rifcsplowo2_01_scaffold_68750_1,Micrarchaeota,IIIb
663,rifcsplowo2_01_scaffold_68750_1,Micrarchaeota,IIIb
664,CG10_big_fil_rev_8_21_14_0.10_scaffold_5506_5,Pacearchaeota,IIIb
665,CG10_big_fil_rev_8_21_14_0.10_scaffold_5506_5,Pacearchaeota,IIIb
666,CG_201517_scaffold_79772_2,Pacearchaeota,IIIb
667,CG_201517_scaffold_79772_2,Pacearchaeota,IIIb
668,GWB1_scaffold_6749_11,Pacearchaeota,IIIb
669,GWB1_scaffold_6749_11,Pacearchaeota,IIIb
670,RBG_13_scaffold_1343_4,Pacearchaeota,IIIb
671,RBG_13_scaffold_1343_4,Pacearchaeota,IIIb
672,RifSed_csp1_19ft_1_scaffold_43_1,Pacearchaeota,IIIb
673,RifSed_csp1_19ft_1_scaffold_43_1,Pacearchaeota,IIIb
674,gwa1_scaffold_1760_30,Pacearchaeota,IIIb
675,gwa1_scaffold_1760_30,Pacearchaeota,IIIb
676,gwa1_scaffold_6140_7,Pacearchaeota,IIIb
677,gwa1_scaffold_6140_7,Pacearchaeota,IIIb
678,gwa2_scaffold_43928_8,Pacearchaeota,IIIb
679,gwa2_scaffold_43928_8,Pacearchaeota,IIIb
680,rifcsphigho2_01_scaffold_53648_5,Pacearchaeota,IIIb
681,rifcsphigho2_01_scaffold_53648_5,Pacearchaeota,IIIb
682,rifcsphigho2_01_sub10_scaffold_18411_1,Pacearchaeota,IIIb
683,rifcsphigho2_01_sub10_scaffold_18411_1,Pacearchaeota,IIIb
684,rifcsphigho2_02_scaffold_489089_1,Pacearchaeota,IIIb
685,rifcsphigho2_02_scaffold_489089_1,Pacearchaeota,IIIb
686,rifcsphigho2_02_scaffold_53546_4,Pacearchaeota,IIIb
687,rifcsphigho2_02_scaffold_53546_4,Pacearchaeota,IIIb
688,rifcsphigho2_12_scaffold_224551_2,Pacearchaeota,IIIb
689,rifcsphigho2_12_scaffold_224551_2,Pacearchaeota,IIIb
690,rifcsplowo2_01_scaffold_294211_1,Pacearchaeota,IIIb
691,rifcsplowo2_01_scaffold_294211_1,Pacearchaeota,IIIb
692,rifcsplowo2_01_scaffold_304868_2,Pacearchaeota,IIIb
693,rifcsplowo2_01_scaffold_304868_2,Pacearchaeota,IIIb
694,rifcsplowo2_01_scaffold_57929_6,Pacearchaeota,IIIb
695,rifcsplowo2_01_scaffold_57929_6,Pacearchaeota,IIIb
696,rifoxya1_sub10_scaffold_6_49,Pacearchaeota,IIIb
697,rifoxya1_sub10_scaffold_6_49,Pacearchaeota,IIIb
698,rifoxyc1_full_scaffold_21863_2,Pacearchaeota,IIIb
699,rifoxyc1_full_scaffold_21863_2,Pacearchaeota,IIIb
700,rifoxyd1_full_scaffold_47708_2,Pacearchaeota,IIIb
701,rifoxyd1_full_scaffold_47708_2,Pacearchaeota,IIIb
702,CG10_big_fil_rev_8_21_14_0.10_scaffold_756_c_32,Woesearchaeota,IIIb
703,CG10_big_fil_rev_8_21_14_0.10_scaffold_756_c_32,Woesearchaeota,IIIb
704,UBA119contig_8444_4,Woesearchaeota,IIIb
705,UBA119contig_8444_4,Woesearchaeota,IIIb
706,cg1_0.2_scaffold_10457_2,Woesearchaeota,IIIb
707,cg1_0.2_scaffold_10457_2,Woesearchaeota,IIIb
708,rifoxyc1_full_scaffold_6493_4,Woesearchaeota,IIIb
709,rifoxyc1_full_scaffold_6493_4,Woesearchaeota,IIIb
710,gi|493160092|ref|WP_006167759.1| type III ribulose-bisphosphate carboxylase [Natrialba chahannaoensis] >gi|445645721|gb|ELY98720.1| ribulose bisophosphate carboxylase [Natrialba chahannaoensis JCM 10990],reference,IIIb
711,YP001047237_Methanoculleus_marisnigri_JR_REF,reference,IIIb
712,YP001047237_Methanoculleus_marisnigri_JR_REF,reference,IIIb
713,YP004622994_Pyrococcus_yayanosii_CH_REF,reference,IIIb
714,YP004622994_Pyrococcus_yayanosii_CH_REF,reference,IIIb
715,"gi|505404440|ref|WP_015591542.1| type III ribulose-bisphosphate carboxylase [Archaeoglobus sulfaticallidus] >gi|484593303|gb|AGK61946.1| ribulose 1,5-bisphosphate carboxylase large subunit [Archaeoglobus sulfaticallidus PM70-1]",reference,IIIb
716,rifcsphigho2_01_scaffold_5232_2,unknown,IIIb
717,rifcsphigho2_01_scaffold_5232_2,unknown,IIIb
718,rifoxyb2_full_scaffold_25016_1,unknown,IIIb
719,rifoxyb2_full_scaffold_25016_1,unknown,IIIb
720,rifoxyd2_full_scaffold_3430_5,Falkowbacteria,IIIc
721,rifoxyd2_full_scaffold_3430_5,Falkowbacteria,IIIc
722,UBA927contig_123_73,Gottesmanbacteria,IIIc
723,UBA927contig_123_73,Gottesmanbacteria,IIIc
724,rifoxyb1_full_scaffold_633_14,Gottesmanbacteria,IIIc
725,rifoxyb1_full_scaffold_633_14,Gottesmanbacteria,IIIc
726,rifcsphigho2_01_scaffold_155436_2,Kuenenbacteria,IIIc
727,rifcsphigho2_01_scaffold_155436_2,Kuenenbacteria,IIIc
728,CG_4_10_14_0.8_um_filter_scaffold_1033_22,Parcubacteria,IIIc
729,CG_4_10_14_0.8_um_filter_scaffold_1033_22,Parcubacteria,IIIc
730,UBA2177contig_38184_3,Dojkabacteria,IIIlike
731,UBA2177contig_38184_3,Dojkabacteria,IIIlike
732,UBA2222contig_92676_9,Dojkabacteria,IIIlike
733,UBA2222contig_92676_9,Dojkabacteria,IIIlike
734,UBA2278contig_10362_8,Dojkabacteria,IIIlike
735,UBA2278contig_10362_8,Dojkabacteria,IIIlike
736,gwd1_scaffold_806_10,Dojkabacteria,IIIlike
737,gwd1_scaffold_806_10,Dojkabacteria,IIIlike
738,rifoxya1_full_scaffold_23855_2,Dojkabacteria,IIIlike
739,rifoxya1_full_scaffold_23855_2,Dojkabacteria,IIIlike
740,rifoxyc3_full_scaffold_48488_1,Dojkabacteria,IIIlike
741,rifoxyc3_full_scaffold_48488_1,Dojkabacteria,IIIlike
742,rifoxyd1_full_scaffold_4223_4,Dojkabacteria,IIIlike
743,rifoxyd1_full_scaffold_4223_4,Dojkabacteria,IIIlike
744,rifcsp10_1_full_scaffold_5396_9,Gottesmanbacteria,IIIlike
745,rifcsp10_1_full_scaffold_5396_9,Gottesmanbacteria,IIIlike
746,rifcsp2_19_4_full_scaffold_90165_2,Gottesmanbacteria,IIIlike
747,rifcsp2_19_4_full_scaffold_90165_2,Gottesmanbacteria,IIIlike
748,rifcsphigho2_01_scaffold_387592_2,Gottesmanbacteria,IIIlike
749,rifcsphigho2_01_scaffold_387592_2,Gottesmanbacteria,IIIlike
750,"gwa2_scaffold_4504_16 ribulose bisphosphate carboxylase, type III; K01601 ribulose-bisphosphate carboxylase large chain [EC:4.1.1.39] Tax=RIFCSPLOWO2_01_FULL_OP11_Gottesmanbacteria_42_22_curated id=4562172 bin=""OP11_GWA2_42_18"" species=RIFCSPLOWO2_01_FULL_OP11_Gottesmanbacteria_42_22_curated genus=unknown taxon_order=unknown taxon_class=Gottesmanbacteria phylum=Microgenomates organism_tax=RIFCSPLOWO2_01_FULL_OP11_Gottesmanbacteria_42_22_curated, Gottesmanbacteria, Microgenomates, Bacteria organism_desc=Genome includes RuBisCO",Gottesmanbacteria,IIIlike
751,CG10_big_fil_rev_8_21_14_0.10_scaffold_617_c_46,Pacearchaeota,IIIlike
752,CG10_big_fil_rev_8_21_14_0.10_scaffold_617_c_46,Pacearchaeota,IIIlike
753,rifcsplowo2_01_scaffold_352176_1,Pacearchaeota,IIIlike
754,rifcsplowo2_01_scaffold_352176_1,Pacearchaeota,IIIlike
755,rifcsplowo2_01_scaffold_68480_2,Parcubacteria,IV
756,rifcsplowo2_01_scaffold_68480_2,Parcubacteria,IV
757,ABH04879_Heliobacillus_mobilis_IV_DeepYk_REF,reference,IV
758,ABH04879_Heliobacillus_mobilis_IV_DeepYk_REF,reference,IV
759,CG09_land_8_20_14_0.10_scaffold_14070_3,Beckwithbacteria,IVlike
760,CG09_land_8_20_14_0.10_scaffold_14070_3,Beckwithbacteria,IVlike
761,rifcsplowo2_01_scaffold_4908_46,Aenigmarchaeota,unknown
762,rifcsplowo2_01_scaffold_4908_46,Aenigmarchaeota,unknown
763,CG08_land_8_20_14_0.20_scaffold_15999_2,Gottesmanbacteria,unknown
764,CG08_land_8_20_14_0.20_scaffold_15999_2,Gottesmanbacteria,unknown
765,RifSed_csp2_16ft_2_scaffold_590394_1,Micrarchaeota,unknown
766,RifSed_csp2_16ft_2_scaffold_590394_1,Micrarchaeota,unknown
767,"gwf1_scaffold_1054_12 Ribulose bisphosphate carboxylase {ECO:0000313|EMBL:KKT28340.1}; TaxID=1618957 species=""Bacteria; Parcubacteria.;"" source=""Parcubacteria bacterium GW2011_GWF1_43_9.;"" id=2435743 bin=""GWF1_OD1_rub_43_9"" species=Parcubacteria bacterium GW2011_GWF1_43_9 genus=unknown taxon_order=unknown taxon_class=unknown phylum=Parcubacteria organism_tax=Parcubacteria bacterium GW2011_GWF1_43_9, Parcubacteria, Bacteria",Veblenbacteria,IIIlike
768,"gi|110620422|emb|CAJ35700.1| ribulose 1,5-bisphosphate carboxylase (RuBisCO),large subunit [Methanocella arvoryzae MRE50]",reference,IIIa
769,gi|659880890|ref|WP_029927633.1| ribulose-bisphosphate carboxylase large subunit [Nocardia otitidiscaviarum],reference,I
770,TARA_137.SAMEA2623314.375.0.22-3_679068_26 /annotation=ribulose bisophosphate carboxylase/domain=Archaea /phylum=Pacearchaeota,Pacearchaeota,IIIb
771,"TARA_039.SAMEA2620106.270.0.1-0.22_774_36 /annotation=ribulose bisphosphate carboxylase, type III (EC:4.1.1.39) /ngenes=45",Pacearchaeota,IIIlike
772,"TARA_039.SAMEA2620106.270.0.1-0.22_3514_9 /annotation=ribulose bisphosphate carboxylase, type III (EC:4.1.1.39) /domain=Archaea",Pacearchaeota,IIIlike
773,"gi|75428927|sp|Q48952.1|RBL_MOBAS RecName: Full=Ribulose bisphosphate carboxylase large chain; Short=RuBisCO large subunit >gi|567189|gb|AAB41464.1| ribulose-1,5-bisphosphate carboxylase/oxygenase large subunit [Aurantimonas manganoxydans SI85-9A1]",reference,I
774,"gi|500137840|ref|WP_011813845.1| ribulose bisphosphate carboxylase large chain [Halorhodospira halophila] >gi|158514013|sp|A1WVW0.1|RBL_HALHL RecName: Full=Ribulose bisphosphate carboxylase large chain; Short=RuBisCO large subunit >gi|121589242|gb|ABM61822.1| ribulose-1,5-bisphosphate carboxylase/oxygenase large subunit [Halorhodospira halophila SL1]",reference,I
775,Nitrosomonas_eutropha_YP_74703_REF,reference,I
776,Nitrosomonas_eutropha_YP_74703_REF,reference,I
777,gi|500666180|ref|WP_011969556.1| ribulose bisphosphate carboxylase large chain [Sinorhizobium medicae] >gi|150376071|ref|YP_001312667.1| ribulose bisophosphate carboxylase (plasmid) [Sinorhizobium medicae WSM419] >gi|160112878|sp|P56889.2|RBL1_SINMW RecName: Full=Ribulose bisphosphate carboxylase large chain; Short=RuBisCO large subunit >gi|150030618|gb|ABR62734.1| Ribulose-bisphosphate carboxylase (plasmid) [Sinorhizobium medicae WSM419],reference,I
778,gi|503602021|ref|WP_013836097.1| ribulose-bisphosphate carboxylase large subunit [Thioalkalimicrobium cyclicum] >gi|333965557|gb|AEG32323.1| Ribulose bisphosphate carboxylase large chain [Thioalkalimicrobium cyclicum ALM1],reference,I
779,CG10_big_fil_rev_8_21_14_0.10_scaffold_3250_c_3,Pacearchaeota,II/III
780,CG10_big_fil_rev_8_21_14_0.10_scaffold_3250_c_3,Pacearchaeota,II/III
781,rifoxyc1_full_scaffold_336_27,Pacearchaeota,II/III
782,rifoxyc1_full_scaffold_336_27,Pacearchaeota,II/III
783,CG08_land_8_20_14_0.20_scaffold_13131_3,Peregrinibacteria,II/III
784,CG08_land_8_20_14_0.20_scaffold_13131_3,Peregrinibacteria,II/III
785,RAAC1_SR1_1_647,SR1,II/III
786,RAAC1_SR1_1_647,SR1,II/III
787,rifoxyb1_full_scaffold_3633_1,Woesearchaeota,II/III
788,rifoxyb1_full_scaffold_3633_1,Woesearchaeota,II/III
789,CG06_land_8_20_14_3.00_150_scaffold_21999_1,unknown,II/III
790,CG06_land_8_20_14_3.00_150_scaffold_21999_1,unknown,II/III
791,DolZOral124_scaffold_14485_4,unknown,II/III
792,DolZOral124_scaffold_14485_4,unknown,II/III
793,rifcsphigho2_01_scaffold_412949_4,Aenigmarchaeota,IIIb
794,rifcsphigho2_01_scaffold_412949_4,Aenigmarchaeota,IIIb
795,rifcsphigho2_02_scaffold_58713_2,Aenigmarchaeota,IIIb
796,rifcsphigho2_02_scaffold_58713_2,Aenigmarchaeota,IIIb
797,CG03_land_8_20_14_0.80_scaffold_21801_2,Micrarchaeota,IIIb
798,CG03_land_8_20_14_0.80_scaffold_21801_2,Micrarchaeota,IIIb
799,CG03_land_8_20_14_0.80_scaffold_60991_1,Micrarchaeota,IIIb
800,CG03_land_8_20_14_0.80_scaffold_60991_1,Micrarchaeota,IIIb
801,CG_201519_scaffold_56610_2,Micrarchaeota,IIIb
802,CG_201519_scaffold_56610_2,Micrarchaeota,IIIb
803,RifSed_csp2_16ft_2_scaffold_362462_2,Micrarchaeota,IIIb
804,RifSed_csp2_16ft_2_scaffold_362462_2,Micrarchaeota,IIIb
805,RifSed_csp2_19ft_2_scaffold_258162_1,Micrarchaeota,IIIb
806,RifSed_csp2_19ft_2_scaffold_258162_1,Micrarchaeota,IIIb
807,07M_4_2014_scaffold_64364_1,Pacearchaeota,IIIb
808,07M_4_2014_scaffold_64364_1,Pacearchaeota,IIIb
809,16ft_4_scaffold_39691_1,Pacearchaeota,IIIb
810,16ft_4_scaffold_39691_1,Pacearchaeota,IIIb
811,CG02_land_8_20_14_3.00_150_scaffold_129462_2,Pacearchaeota,IIIb
812,CG02_land_8_20_14_3.00_150_scaffold_129462_2,Pacearchaeota,IIIb
813,CG09_land_8_20_14_0.10_scaffold_57150_2,Pacearchaeota,IIIb
814,CG09_land_8_20_14_0.10_scaffold_57150_2,Pacearchaeota,IIIb
815,CG23_combo_of_CG0609_8_20_14_all_150_scaffold_90018_1,Pacearchaeota,IIIb
816,CG23_combo_of_CG0609_8_20_14_all_150_scaffold_90018_1,Pacearchaeota,IIIb
817,CG_201509_scaffold_50799_3,Pacearchaeota,IIIb
818,CG_201509_scaffold_50799_3,Pacearchaeota,IIIb
819,RifSed_csp1_16ft_2_scaffold_53506_3,Pacearchaeota,IIIb
820,RifSed_csp1_16ft_2_scaffold_53506_3,Pacearchaeota,IIIb
821,RifSed_csp1_16ft_3_scaffold_247731_2,Pacearchaeota,IIIb
822,RifSed_csp1_16ft_3_scaffold_247731_2,Pacearchaeota,IIIb
823,RifSed_csp1_16ft_4_scaffold_172579_3,Pacearchaeota,IIIb
824,RifSed_csp1_16ft_4_scaffold_172579_3,Pacearchaeota,IIIb
825,RifSed_csp2_10ft_3_scaffold_492694_2,Pacearchaeota,IIIb
826,RifSed_csp2_10ft_3_scaffold_492694_2,Pacearchaeota,IIIb
827,RifSed_csp2_13ft_1_scaffold_36185_8,Pacearchaeota,IIIb
828,RifSed_csp2_13ft_1_scaffold_36185_8,Pacearchaeota,IIIb
829,RifSed_csp2_16ft_3_scaffold_46608_6,Pacearchaeota,IIIb
830,RifSed_csp2_16ft_3_scaffold_46608_6,Pacearchaeota,IIIb
831,gwc1_scaffold_4706_5,Pacearchaeota,IIIb
832,gwc1_scaffold_4706_5,Pacearchaeota,IIIb
833,rifcsphigho2_01_scaffold_173637_10,Pacearchaeota,IIIb
834,rifcsphigho2_01_scaffold_173637_10,Pacearchaeota,IIIb
835,rifcsphigho2_01_scaffold_21619_3,Pacearchaeota,IIIb
836,rifcsphigho2_01_scaffold_21619_3,Pacearchaeota,IIIb
837,rifcsphigho2_01_scaffold_41251_2,Pacearchaeota,IIIb
838,rifcsphigho2_01_scaffold_41251_2,Pacearchaeota,IIIb
839,rifcsphigho2_01_sub10_scaffold_4260_8,Pacearchaeota,IIIb
840,rifcsphigho2_01_sub10_scaffold_4260_8,Pacearchaeota,IIIb
841,rifcsphigho2_02_scaffold_15332_15,Pacearchaeota,IIIb
842,rifcsphigho2_02_scaffold_15332_15,Pacearchaeota,IIIb
843,rifcsphigho2_02_scaffold_162351_1,Pacearchaeota,IIIb
844,rifcsphigho2_02_scaffold_162351_1,Pacearchaeota,IIIb
845,rifcsphigho2_02_scaffold_221194_1,Pacearchaeota,IIIb
846,rifcsphigho2_02_scaffold_221194_1,Pacearchaeota,IIIb
847,rifcsphigho2_02_scaffold_369452_2,Pacearchaeota,IIIb
848,rifcsphigho2_02_scaffold_369452_2,Pacearchaeota,IIIb
849,rifcsphigho2_12_scaffold_356730_1,Pacearchaeota,IIIb
850,rifcsphigho2_12_scaffold_356730_1,Pacearchaeota,IIIb
851,rifcsplowo2_01_scaffold_0_375,Pacearchaeota,IIIb
852,rifcsplowo2_01_scaffold_0_375,Pacearchaeota,IIIb
853,rifcsplowo2_01_scaffold_143159_2,Pacearchaeota,IIIb
854,rifcsplowo2_01_scaffold_143159_2,Pacearchaeota,IIIb
855,rifcsplowo2_01_scaffold_178776_2,Pacearchaeota,IIIb
856,rifcsplowo2_01_scaffold_178776_2,Pacearchaeota,IIIb
857,rifcsplowo2_01_scaffold_269943_3,Pacearchaeota,IIIb
858,rifcsplowo2_01_scaffold_269943_3,Pacearchaeota,IIIb
859,rifcsplowo2_02_scaffold_22033_7,Woesearchaeota,IIIb
860,rifcsplowo2_02_scaffold_22033_7,Woesearchaeota,IIIb
861,gi|494803605|ref|WP_007539013.1| type III ribulose-bisphosphate carboxylase [Haloferax larsenii] >gi|445732660|gb|ELZ84242.1| ribulose bisophosphate carboxylase [Haloferax larsenii JCM 13917],reference,IIIb
862,gi|218766067|gb|ACL11466.1| ribulose bisophosphate carboxylase [Desulfurococcus amylolyticus 1221n],reference,IIIb
863,gi|504680960|ref|WP_014868062.1| ribulose-bisphosphate carboxylase large subunit [Methanoculleus bourgensis] >gi|396939834|emb|CCJ37089.1| ribulose bisophosphate carboxylase [Methanoculleus bourgensis MS2],reference,IIIb
864,LSDeep1_scaffold_252_71,unknown,IIIb
865,LSDeep1_scaffold_252_71,unknown,IIIb
866,LSDeep1_scaffold_26_533,unknown,IIIb
867,LSDeep1_scaffold_26_533,unknown,IIIb
868,gwa2_scaffold_40962_2,Falkowbacteria,IIIc
869,gwa2_scaffold_40962_2,Falkowbacteria,IIIc
870,RBG_13_scaffold_5391_5,Gottesmanbacteria,IIIc
871,RBG_13_scaffold_5391_5,Gottesmanbacteria,IIIc
872,RifSed_csp2_16ft_2_scaffold_214444_1,Kuenenbacteria,IIIc
873,RifSed_csp2_16ft_2_scaffold_214444_1,Kuenenbacteria,IIIc
874,CG03_land_8_20_14_0.80_scaffold_45401_2,Parcubacteria,IIIc
875,CG03_land_8_20_14_0.80_scaffold_45401_2,Parcubacteria,IIIc
876,rifcsphigho2_01_scaffold_44408_3,Pacearchaeota,IIIlike
877,rifcsphigho2_01_scaffold_44408_3,Pacearchaeota,IIIlike
878,rifcsplowo2_01_scaffold_36463_6,Pacearchaeota,IIIlike
879,rifcsplowo2_01_scaffold_36463_6,Pacearchaeota,IIIlike
880,rifoxya2_sub10_scaffold_3412_1,Pacearchaeota,IIIlike
881,rifoxya2_sub10_scaffold_3412_1,Pacearchaeota,IIIlike
882,rifcsplowo2_02_scaffold_12225_10,Parcubacteria,IIIlike
883,rifcsplowo2_02_scaffold_12225_10,Parcubacteria,IIIlike
884,rifoxyb2_full_scaffold_37565_5,Roizmanbacteria,IIIlike
885,rifoxyb2_full_scaffold_37565_5,Roizmanbacteria,IIIlike
886,rifcsphigho2_02_sub10_scaffold_110_79,Woesearchaeota,IIIlike
887,rifcsphigho2_02_sub10_scaffold_110_79,Woesearchaeota,IIIlike
888,YP_001002057_Halorhodospira_halophila_SL1_IV_DeepYk_REF,reference,IV
889,YP_001002057_Halorhodospira_halophila_SL1_IV_DeepYk_REF,reference,IV
890,LSDeep1_scaffold_289_96,Peregrinibacteria,unknown
891,LSDeep1_scaffold_289_96,Peregrinibacteria,unknown
892,RBCSeed_30 gwf2_scaffold_9_343,Dojkabacteria,II/III
893,"cg1_0.2_scaffold_1669_c_9 ribulose-bisphosphate carboxylase (EC:4.1.1.39); K01601 ribulose-bisphosphate carboxylase large chain [EC:4.1.1.39] Tax=CG_PER_02 id=92601598 bin=""CG1_02_FULL_Peregrinibacteria_44_21_curated"" species=CG_PER_02 genus=unknown taxon_order=unknown taxon_class=unknown phylum=Peregrinibacteria organism_tax=CG_PER_02, Peregrinibacteria, Bacteria",reference,II/III
894,"RIFOXYC2_FULL_OD1_48_21_rifoxyc2_full_scaffold_977_4 ribulose bisphosphate carboxylase, type III (EC:4.1.1.39); K01601 ribulose-bisphosphate carboxylase large chain [EC:4.1.1.39] Tax=RIFOXYC2_FULL_OD1_Falkowbacteria_48_21_curated id=89843297 bin=""Candidatus Falkowbacteria bacterium RIFOXYC2_FULL_48_21"" species=RIFOXYC2_FULL_OD1_Falkowbacteria_48_21_curated genus=unknown taxon_order=unknown taxon_class=Falkowbacteria phylum=Parcubacteria organism_tax=RIFOXYC2_FULL_OD1_Falkowbacteria_48_21_curated",Falkowbacteria,IIIc
895,"cg2_3.0_scaffold_3725_c_7 rbcL; ribulose bisophosphate carboxylase (EC:4.1.1.39); K01601 ribulose-bisphosphate carboxylase large chain [EC:4.1.1.39] Tax=CG_CPR13_01 id=92654147 bin=""CG2_30_FULL_CPR_37_22_curated"" species=CG_CPR13_01 genus=unknown taxon_order=unknown taxon_class=unknown phylum=CG_CPR13 organism_tax=CG_CPR13_01, CG_CPR13, Bacteria",Patescibacteria,IIIc
896,"cg1_0.2_scaffold_5501_c_7 ribulose bisphosphate carboxylase, type III (EC:4.1.1.39); K01601 ribulose-bisphosphate carboxylase large chain [EC:4.1.1.39] Tax=CG_Pacearch_02 id=91909797 bin=""CG1_02_FULL_Pacearchaeota_35_32_curated"" species=CG_Pacearch_02 genus=unknown taxon_order=unknown taxon_class=unknown phylum=Pacearchaeota organism_tax=CG_Pacearch_02, Pacearchaeota, Archaea",Pacearchaeota,IIIb
897,"gwd1_scaffold_1521_5 Ribulose-bisphosphate carboxylase {ECO:0000313|EMBL:KKT85720.1}; TaxID=1618939 species=""Bacteria; Parcubacteria.;"" source=""Parcubacteria bacterium GW2011_GWD1_44_9.;"" id=2345555 bin=""GWD1_OD1_44_9_partial"" species=Parcubacteria bacterium GW2011_GWD1_44_9 genus=unknown taxon_order=unknown taxon_class=unknown phylum=Parcubacteria organism_tax=GWC1_OD1_43_30, Parcubacteria, Bacteria",Parcubacteria,IV
898,gi|1176154198|gb|OQX71398.1| type III ribulose-bisphosphate carboxylase [Candidatus Parcubacteria bacterium 4484_255],Parcubacteria,IIIc
899,gi|1176154198|gb|OQX71398.1| type III ribulose-bisphosphate carboxylase [Candidatus Parcubacteria bacterium 4484_255],reference,IIIc
900,gi|518884741|ref|WP_020040616.1| ribulose-bisphosphate carboxylase large subunit [Salipiger mucosus] >gi|528097763|gb|EPX79483.1| Ribulose bisphosphate carboxylase large chain [Salipiger mucosus DSM 16094],reference,I
901,TARA_037.SAMEA2619970.600.0.22-1.6_146284_3 /annotation=ribulose bisphosphate carboxylase type III/domain=Archaea /phylum=Pacearchaeota,Pacearchaeota,IIIb
902,"gi|505264786|ref|WP_015451888.1| ribulose-bisphosphate carboxylase large subunit [Azoarcus sp. KH32C] >gi|358639818|dbj|BAL27114.1| ribulose bisphosphate carboxylase, large subunit (plasmid) [Azoarcus sp. KH32C]",reference,I
903,Nitrobacter_hamburgensis_YP_57154_REF,reference,I
904,Nitrobacter_hamburgensis_YP_57154_REF,reference,I
905,"gi|1220464692|gb|ASO45429.1| ribulose-1,5-bisphosphate carboxylase/oxygenase large subunit, partial (plastid) [Pyropia sp.] >gi|1220464694|gb|ASO45430.1| ribulose-1,5-bisphosphate carboxylase/oxygenase large subunit, partial (plastid) [Pyropia sp.] >gi|1220464696|gb|ASO45431.1| ribulose-1,5-bisphosphate carboxylase/oxygenase large subunit, partial (plastid) [Pyropia sp.]",reference,I
906,"gi|730476|sp|Q08051.1|RBL_CHRCT RecName: Full=Ribulose bisphosphate carboxylase large chain; Short=RuBisCO large subunit >gi|456606|dbj|BAA39175.1| ribulose-1,5-bisphosphate carboxylase/oxygenase large subunit (chloroplast) [Pleurochrysis carterae]",reference,I
907,"gi|760012558|ref|WP_043695793.1| ribulose-bisphosphate carboxylase large subunit [Synechococcus sp. KORDI-49] >gi|90655413|gb|ABD96254.1| ribulose-1,5-bisphosphate carboxylase/oxygenase large subunit [uncultured marine type-A Synechococcus GOM 3M9] >gi|90655586|gb|ABD96423.1| ribulose-1,5-bisphosphate carboxylase/oxygenase large subunit [uncultured marine type-A Synechococcus GOM 4P21] >gi|670931319|gb|AII47280.1| ribulose bisophosphate carboxylase [Synechococcus sp. KORDI-49]",reference,I
908,"gi|56565978|gb|AAV98336.1| synthetic ribulose-1,5-bisphosphate carboxylase/oxygenase large subunit [Plastid transformation vector pcmtrLA]",reference,II
909,RBC_51 gi|3183152|sp|Q59462.3|RBL2_HYDMR,reference,II
910,CG09_land_8_20_14_0.10_scaffold_8073_10,Pacearchaeota,II/III
911,CG09_land_8_20_14_0.10_scaffold_8073_10,Pacearchaeota,II/III
912,UBA4787contig_1245_80,Patescibacteria,II/III
913,UBA4787contig_1245_80,Patescibacteria,II/III
914,RBC4_5 gi|505138192|ref|WP_015325294.1|,reference,II/III
915,rifcsphigho2_02_scaffold_49666_4,Aenigmarchaeota,IIIb
916,rifcsphigho2_02_scaffold_49666_4,Aenigmarchaeota,IIIb
917,rifcsphigho2_02_scaffold_69512_7,Aenigmarchaeota,IIIb
918,rifcsphigho2_02_scaffold_69512_7,Aenigmarchaeota,IIIb
919,rifcsplowo2_01_scaffold_211_122,Aenigmarchaeota,IIIb
920,rifcsplowo2_01_scaffold_211_122,Aenigmarchaeota,IIIb
921,rifcsplowo2_01_scaffold_141933_1,Amesbacteria,IIIb
922,rifcsplowo2_01_scaffold_141933_1,Amesbacteria,IIIb
923,CG01_land_8_20_14_3.00_scaffold_28014_2,Micrarchaeota,IIIb
924,CG01_land_8_20_14_3.00_scaffold_28014_2,Micrarchaeota,IIIb
925,CG08_land_8_20_14_0.20_scaffold_203273_1,Micrarchaeota,IIIb
926,CG08_land_8_20_14_0.20_scaffold_203273_1,Micrarchaeota,IIIb
927,CG_4_9_14_0.2_um_filter_scaffold_8702_1,Micrarchaeota,IIIb
928,CG_4_9_14_0.2_um_filter_scaffold_8702_1,Micrarchaeota,IIIb
929,RBG_16_scaffold_1633_8,Micrarchaeota,IIIb
930,RBG_16_scaffold_1633_8,Micrarchaeota,IIIb
931,rbg_19ft_combo_scaffold_2906_2,Micrarchaeota,IIIb
932,rbg_19ft_combo_scaffold_2906_2,Micrarchaeota,IIIb
933,rifcsphigho2_01_scaffold_440213_2,Micrarchaeota,IIIb
934,rifcsphigho2_01_scaffold_440213_2,Micrarchaeota,IIIb
935,rifcsphigho2_02_scaffold_173369_1,Micrarchaeota,IIIb
936,rifcsphigho2_02_scaffold_173369_1,Micrarchaeota,IIIb
937,rifcsphigho2_02_scaffold_2812_33,Micrarchaeota,IIIb
938,rifcsphigho2_02_scaffold_2812_33,Micrarchaeota,IIIb
939,CG23_combo_of_CG0609_8_20_14_all_150_scaffold_29588_1,Pacearchaeota,IIIb
940,CG23_combo_of_CG0609_8_20_14_all_150_scaffold_29588_1,Pacearchaeota,IIIb
941,CG_201518_scaffold_146281_1,Pacearchaeota,IIIb
942,CG_201518_scaffold_146281_1,Pacearchaeota,IIIb
943,RifSed_csp1_16ft_1_scaffold_25993_3,Pacearchaeota,IIIb
944,RifSed_csp1_16ft_1_scaffold_25993_3,Pacearchaeota,IIIb
945,RifSed_csp1_19ft_1_scaffold_47266_3,Pacearchaeota,IIIb
946,RifSed_csp1_19ft_1_scaffold_47266_3,Pacearchaeota,IIIb
947,RifSed_csp2_19ft_2_scaffold_163929_2,Pacearchaeota,IIIb
948,RifSed_csp2_19ft_2_scaffold_163929_2,Pacearchaeota,IIIb
949,gwa1_scaffold_1688_10,Pacearchaeota,IIIb
950,gwa1_scaffold_1688_10,Pacearchaeota,IIIb
951,gwc1_scaffold_4584_2,Pacearchaeota,IIIb
952,gwc1_scaffold_4584_2,Pacearchaeota,IIIb
953,mol3215fa021564_1,Pacearchaeota,IIIb
954,mol3215fa021564_1,Pacearchaeota,IIIb
955,rifcsp2_19_4_full_scaffold_35462_2,Pacearchaeota,IIIb
956,rifcsp2_19_4_full_scaffold_35462_2,Pacearchaeota,IIIb
957,rifcsphigho2_01_scaffold_11863_1,Pacearchaeota,IIIb
958,rifcsphigho2_01_scaffold_11863_1,Pacearchaeota,IIIb
959,rifcsphigho2_01_scaffold_136210_1,Pacearchaeota,IIIb
960,rifcsphigho2_01_scaffold_136210_1,Pacearchaeota,IIIb
961,rifcsphigho2_12_scaffold_331687_2,Pacearchaeota,IIIb
962,rifcsphigho2_12_scaffold_331687_2,Pacearchaeota,IIIb
963,rifcsplowo2_01_scaffold_108589_3,Pacearchaeota,IIIb
964,rifcsplowo2_01_scaffold_108589_3,Pacearchaeota,IIIb
965,rifcsplowo2_01_scaffold_13705_14,Pacearchaeota,IIIb
966,rifcsplowo2_01_scaffold_13705_14,Pacearchaeota,IIIb
967,rifcsplowo2_01_scaffold_1373_9,Pacearchaeota,IIIb
968,rifcsplowo2_01_scaffold_1373_9,Pacearchaeota,IIIb
969,rifcsplowo2_01_scaffold_183449_2,Pacearchaeota,IIIb
970,rifcsplowo2_01_scaffold_183449_2,Pacearchaeota,IIIb
971,rifcsplowo2_01_scaffold_193789_1,Pacearchaeota,IIIb
972,rifcsplowo2_01_scaffold_193789_1,Pacearchaeota,IIIb
973,rifcsplowo2_01_scaffold_223977_1,Pacearchaeota,IIIb
974,rifcsplowo2_01_scaffold_223977_1,Pacearchaeota,IIIb
975,rifcsplowo2_01_scaffold_331279_1,Pacearchaeota,IIIb
976,rifcsplowo2_01_scaffold_331279_1,Pacearchaeota,IIIb
977,rifcsplowo2_01_scaffold_45660_7,Pacearchaeota,IIIb
978,rifcsplowo2_01_scaffold_45660_7,Pacearchaeota,IIIb
979,rifcsplowo2_02_scaffold_407950_1,Pacearchaeota,IIIb
980,rifcsplowo2_02_scaffold_407950_1,Pacearchaeota,IIIb
981,rifoxyc1_full_scaffold_14429_1,Pacearchaeota,IIIb
982,rifoxyc1_full_scaffold_14429_1,Pacearchaeota,IIIb
983,rifcsphigho2_01_scaffold_6465_9,Woesearchaeota,IIIb
984,rifcsphigho2_01_scaffold_6465_9,Woesearchaeota,IIIb
985,gi|491112585|ref|WP_004971045.1| type III ribulose-bisphosphate carboxylase [Haloferax denitrificans] >gi|445748915|gb|EMA00361.1| ribulose bisophosphate carboxylase [Haloferax denitrificans ATCC 35960],reference,IIIb
986,WP006108853_Natrialba_asiatica_DSM_1227_REF,reference,IIIb
987,WP006108853_Natrialba_asiatica_DSM_1227_REF,reference,IIIb
988,gi|445668339|gb|ELZ20969.1| ribulose bisophosphate carboxylase [Haloterrigena limicola JCM 13563],reference,IIIb
989,gi|500145680|ref|WP_011821683.1| type III ribulose-bisphosphate carboxylase [Hyperthermus butylicus] >gi|123978084|gb|ABM80365.1| Ribulose bisphosphate carboxylase [Hyperthermus butylicus DSM 5456],reference,IIIb
990,gwa2_scaffold_47144_2,Gottesmanbacteria,IIIc
991,gwa2_scaffold_47144_2,Gottesmanbacteria,IIIc
992,mol321605030446_1_Gottesmanbacteria,Gottesmanbacteria,IIIc
993,mol321605030446_1_Gottesmanbacteria,Gottesmanbacteria,IIIc
994,rifoxyc1_full_scaffold_26262_2,Gottesmanbacteria,IIIc
995,rifoxyc1_full_scaffold_26262_2,Gottesmanbacteria,IIIc
996,CG_201511_scaffold_25419_1,Kuenenbacteria,IIIc
997,CG_201511_scaffold_25419_1,Kuenenbacteria,IIIc
998,CG_201513_scaffold_124523_1,Kuenenbacteria,IIIc
999,CG_201513_scaffold_124523_1,Kuenenbacteria,IIIc
1000,CG_4_9_14_0.2_um_filter_scaffold_23606_2,Kuenenbacteria,IIIc
1001,CG_4_9_14_0.2_um_filter_scaffold_23606_2,Kuenenbacteria,IIIc
1002,cg1_0.2_scaffold_10592_2,Kuenenbacteria,IIIc
1003,cg1_0.2_scaffold_10592_2,Kuenenbacteria,IIIc
1004,cgr2_combo_scaffold_6030_4,Kuenenbacteria,IIIc
1005,cgr2_combo_scaffold_6030_4,Kuenenbacteria,IIIc
1006,07M_4_2014_scaffold_5663_3,Parcubacteria,IIIc
1007,07M_4_2014_scaffold_5663_3,Parcubacteria,IIIc
1008,gwf1_scaffold_4493_1,Dojkabacteria,IIIlike
1009,gwf1_scaffold_4493_1,Dojkabacteria,IIIlike
1010,RifSed_csp1_13ft_1_scaffold_2112_6,Gottesmanbacteria,IIIlike
1011,RifSed_csp1_13ft_1_scaffold_2112_6,Gottesmanbacteria,IIIlike
1012,rifcsphigho2_01_scaffold_206378_7,Gottesmanbacteria,IIIlike
1013,rifcsphigho2_01_scaffold_206378_7,Gottesmanbacteria,IIIlike
1014,mol321605051349_9,Microgenomates,IIIlike
1015,mol321605051349_9,Microgenomates,IIIlike
1016,CG11_big_fil_rev_8_21_14_0.20_scaffold_5804_7,Pacearchaeota,IIIlike
1017,CG11_big_fil_rev_8_21_14_0.20_scaffold_5804_7,Pacearchaeota,IIIlike
1018,rifcsphigho2_01_sub10_scaffold_15638_2,Pacearchaeota,IIIlike
1019,rifcsphigho2_01_sub10_scaffold_15638_2,Pacearchaeota,IIIlike
1020,rifcsphigho2_02_scaffold_900_36,Pacearchaeota,IIIlike
1021,rifcsphigho2_02_scaffold_900_36,Pacearchaeota,IIIlike
1022,rifcsplowo2_01_scaffold_142244_2,Pacearchaeota,IIIlike
1023,rifcsplowo2_01_scaffold_142244_2,Pacearchaeota,IIIlike
1024,YP_782588_Rhodopseudomonas_palustris_BisA53_IV_DeepYk_REF,reference,IV
1025,YP_782588_Rhodopseudomonas_palustris_BisA53_IV_DeepYk_REF,reference,IV
1026,GS605_3p0_scaffold_7_49_PHAGE,putative_phage,IVlike
1027,GS605_3p0_scaffold_7_49_PHAGE,putative_phage,IVlike
1028,PH2015_07_scaffold_0_448_PHAGE,putative_phage,IVlike
1029,PH2015_07_scaffold_0_448_PHAGE,putative_phage,IVlike
1030,RBG_13_scaffold_9498_7,unknown,IVlike
1031,RBG_13_scaffold_9498_7,unknown,IVlike
1032,RBCSeed_29 gwc2_scaffold_145_63,Peregrinibacteria,II/III
1033,RBCSeed_2 cg1_0.2_scaffold_107_c_58,Micrarchaeota,II/III
1034,rifcsplowo2_01_scaffold_141933_1,Amesbacteria,IIIb
1035,"cg1_0.2_scaffold_3141_c_19 ribulose bisphosphate carboxylase, type III (EC:4.1.1.39); K01601 ribulose-bisphosphate carboxylase large chain [EC:4.1.1.39] Tax=CG_Pacearch_03 id=91911077 bin=""CG1_02_FULL_Pacearchaeota_39_14_curated"" species=CG_Pacearch_03 genus=unknown taxon_order=unknown taxon_class=unknown phylum=Pacearchaeota organism_tax=CG_Pacearch_03, Pacearchaeota, Archaea",Pacearchaeota,IIIb
1036,"RBG_13_OP11_45_10_RBG_13_scaffold_565_32 ribulose bisophosphate carboxylase Tax=RBG_13_OP11_Gottesmanbacteria_45_10_curated id=86870363 bin=""Candidatus Gottesmanbacteria bacterium RBG_13_45_10"" species=RBG_13_OP11_Gottesmanbacteria_45_10_curated genus=unknown taxon_order=unknown taxon_class=Gottesmanbacteria phylum=Microgenomates organism_tax=RBG_13_OP11_Gottesmanbacteria_45_10_curated",Gottesmanbacteria,IIIlike
1037,"gwc1_scaffold_1390_11 Ribulose bisphosphate carboxylase, type III {ECO:0000313|EMBL:KKP92735.1}; TaxID=1619090 species=""Bacteria; candidate division WS6.;"" source=""candidate division WS6 bacterium GW2011_GWC1_36_11.;"" id=2669238 bin=""GWC1_WS6_36_11"" species=GWC1_WS6_36_11 genus=unknown taxon_order=unknown taxon_class=unknown phylum=WS6 organism_tax=Dojkabacteria",Dojkabacteria,IIIlike
1038,"gwc1_scaffold_103_93 Ribulose bisophosphate carboxylase, ribulose-bisphosphate carboxylase large chain {ECO:0000313|EMBL:KKP44747.1}; EC=4.1.1.39 {ECO:0000313|EMBL:KKP44747.1};; TaxID=1619089 species=""Bacteria; candidate id=5099737 bin=""WS6_GWC1_33_20"" species=WS6_GWC1_33_20 genus=unknown taxon_order=unknown taxon_class=unknown phylum=WS6 organism_tax=Dojkabacteria organism_desc=IN PAPER CLONED BY TABITA-INACTIVE",Dojkabacteria,IIIlike
1039,gi|490137203|ref|WP_004037562.1| ribulose bisphosphate carboxylase large chain [Methanofollis liminatans] >gi|395441601|gb|EJG06358.1| ribulose bisphosphate carboxylase large chain [Methanofollis liminatans DSM 4140],reference,IIIa
1040,gi|655866672|ref|WP_028963129.1| ribulose-bisphosphate carboxylase large subunit [Sulfobacillus thermosulfidooxidans],reference,I
1041,gi|563911827|ref|WP_023807801.1| ribulose-bisphosphate carboxylase [Mesorhizobium sp. L2C085B000] >gi|563189216|gb|ESZ12301.1| ribulose bisphosphate carboxylase [Mesorhizobium sp. L2C085B000],reference,IV
1042,gi|295413016|gb|ADG07508.1| Ribulose-bisphosphate carboxylase [Kyrpidia tusciae DSM 2912],reference,I
1043,gi|502736740|ref|WP_012971724.1| ribulose bisphosphate carboxylase-like protein [Allochromatium vinosum] >gi|75452435|sp|Q93UZ0.1|RBLL_ALLVD RecName: Full=Ribulose bisphosphate carboxylase-like protein; Short=RuBisCO-like protein >gi|13873324|dbj|BAB44150.1| hypothetical protein [Allochromatium vinosum DSM 180] >gi|288897619|gb|ADC63455.1| Ribulose-bisphosphate carboxylase [Allochromatium vinosum DSM 180],reference,IV
1044,"gi|499282207|ref|WP_010975267.1| ribulose-bisphosphate carboxylase [Sinorhizobium meliloti] >gi|16264127|ref|NP_436919.1| ribulose bisphosphate carboxylaseoxygenase, large subunit protein (plasmid) [Sinorhizobium meliloti 1021] >gi|15140252|emb|CAC48779.1| putative ribulose bisphosphate carboxylaseoxygenase, large subunit protein (plasmid) [Sinorhizobium meliloti 1021] >gi|333815897|gb|AEG08564.1| Ribulose-bisphosphate carboxylase (plasmid) [Sinorhizobium meliloti BL225C] >gi|336038122|gb|AEH84052.1| putative ribulose bisphosphate carboxylaseoxygenase, large subunit protein (plasmid) [Sinorhizobium meliloti SM11] >gi|459644334|gb|AGG71379.1| Putative ribulose bisphosphate carboxylaseoxygenase,large subunit (plasmid) [Sinorhizobium meliloti 2011] >gi|675831974|gb|AIM03661.1| ribulose 1,5-bisphosphate carboxylase (plasmid) [Sinorhizobium meliloti] >gi|1091409046|emb|SDW49090.1| ribulose-bisphosphate carboxylase large chain [Sinorhizobium meliloti] >gi|1214616436|gb|ASJ62774.1| ribulose 1,5-bisphosphate carboxylase (plasmid) [Sinorhizobium meliloti] >gi|1226614908|gb|ASP56142.1| ribulose 1,5-bisphosphate carboxylase (plasmid) [Sinorhizobium meliloti] >gi|1226620724|gb|ASP61958.1| ribulose 1,5-bisphosphate carboxylase (plasmid) [Sinorhizobium meliloti] >gi|1226644517|gb|ASP76065.1| ribulose 1,5-bisphosphate carboxylase (plasmid) [Sinorhizobium meliloti] >gi|1226749930|gb|ASP99535.1| ribulose 1,5-bisphosphate carboxylase (plasmid) [Sinorhizobium meliloti] >gi|1226765589|gb|ASQ07236.1| ribulose 1,5-bisphosphate carboxylase (plasmid) [Sinorhizobium meliloti] >gi|1226774182|gb|ASQ14761.1| ribulose 1,5-bisphosphate carboxylase (plasmid) [Sinorhizobium meliloti]",reference,IV
1045,"gi|499775450|ref|WP_011456184.1| ribulose-bisphosphate carboxylase [Jannaschia sp. CCS1] >gi|88865103|gb|ABD55980.1| ribulose-1,5-bisphosphate carboxylase/oxygenase large subunit [Jannaschia sp. CCS1]",reference,IV
1046,"TARA_039.SAMEA2620106.270.0.1-0.22_593_13 /annotation=Ribulose bisphosphate carboxylase, type III /domain=Archaea /phylum=Pacearchaeota",Pacearchaeota,IIIb
1047,TARA_039.SAMEA2620106.270.0.1-0.22_378_10 /annotation=ribulose bisphosphate carboxylase type III/ngenes=86,Nanoarchaeota,IIIb
1048,"gi|115502588|sp|Q3M674.1|RBL_ANAVT RecName: Full=Ribulose bisphosphate carboxylase large chain; Short=RuBisCO large subunit >gi|75703836|gb|ABA23512.1| ribulose-1,5-bisphosphate carboxylase/oxygenase large subunit [Anabaena variabilis ATCC 29413]",reference,I
1049,gi|500302457|ref|WP_011925328.1| Ribulose bisphosphate carboxylase large chain 2 [Bradyrhizobium sp. ORS 278] >gi|158514297|sp|A4YQD3.1|RBL1B_BRASO RecName: Full=Ribulose bisphosphate carboxylase large chain 2; Short=RuBisCO large subunit 2 >gi|146192104|emb|CAL76109.1| Ribulose bisphosphate carboxylase large chain (RuBisCO large subunit) [Bradyrhizobium sp. ORS 278],reference,I
1050,"gi|166078534|gb|ABY81245.1| ribulose-1,5-bisphosphate carboxylase/oxygenase large subunit, partial (chloroplast) [Palisada perforata]",reference,I
1051,"gi|7546555|pdb|1EJ7|L Chain L, Crystal Structure Of Unactivated Tobacco Rubisco With Bound Phosphate Ions",reference,I
1052,gi|494362704|ref|WP_007195596.1| ribulose-bisphosphate carboxylase large subunit [Thiocapsa marina] >gi|343798036|gb|EGV16001.1| Ribulose bisphosphate carboxylase large chain [Thiocapsa marina 5811],reference,I
1053,"gi|736672|gb|AAA98748.1| ribulose 1,5-bisphosphate carboxylase, partial [Lingulodinium polyedrum]",reference,II
1054,gi|502793187|ref|WP_013028163.1| ribulose-bisphosphate carboxylase [Sideroxydans lithotrophicus] >gi|291582606|gb|ADE10264.1| Ribulose-bisphosphate carboxylase [Sideroxydans lithotrophicus ES-1],reference,II
1055,CG_201510_scaffold_113557_2,Dojkabacteria,II/III
1056,CG_201510_scaffold_113557_2,Dojkabacteria,II/III
1057,CG_4_9_14_3_um_filter_150_scaffold_194919_1,Dojkabacteria,II/III
1058,CG_4_9_14_3_um_filter_150_scaffold_194919_1,Dojkabacteria,II/III
1059,rifcsplowo2_02_scaffold_81990_4,Gottesmanbacteria,II/III
1060,rifcsplowo2_02_scaffold_81990_4,Gottesmanbacteria,II/III
1061,rifcsphigho2_02_scaffold_6968_22,Woesearchaeota,II/III
1062,rifcsphigho2_02_scaffold_6968_22,Woesearchaeota,II/III
1063,07M_4_2014_scaffold_3235_2,unknown,II/III
1064,07M_4_2014_scaffold_3235_2,unknown,II/III
1065,RifSed_csp2_13ft_1_scaffold_647396_2,Aenigmarchaeota,IIIb
1066,RifSed_csp2_13ft_1_scaffold_647396_2,Aenigmarchaeota,IIIb
1067,rifcsplowo2_01_scaffold_126992_2,Aenigmarchaeota,IIIb
1068,rifcsplowo2_01_scaffold_126992_2,Aenigmarchaeota,IIIb
1069,CG09_land_8_20_14_0.10_scaffold_6172_c_6,Diapherotrites,IIIb
1070,CG09_land_8_20_14_0.10_scaffold_6172_c_6,Diapherotrites,IIIb
1071,CG10_big_fil_rev_8_21_14_0.10_scaffold_13451_3,Micrarchaeota,IIIb
1072,CG10_big_fil_rev_8_21_14_0.10_scaffold_13451_3,Micrarchaeota,IIIb
1073,CG10_big_fil_rev_8_21_14_0.10_scaffold_34346_3,Micrarchaeota,IIIb
1074,CG10_big_fil_rev_8_21_14_0.10_scaffold_34346_3,Micrarchaeota,IIIb
1075,cg1_0.2_scaffold_83715_1,Micrarchaeota,IIIb
1076,cg1_0.2_scaffold_83715_1,Micrarchaeota,IIIb
1077,mol3215ef016606_7,Micrarchaeota,IIIb
1078,mol3215ef016606_7,Micrarchaeota,IIIb
1079,rifcsphigho2_02_scaffold_38081_1,Micrarchaeota,IIIb
1080,rifcsphigho2_02_scaffold_38081_1,Micrarchaeota,IIIb
1081,rifcsplowo2_12_scaffold_17178_2,Micrarchaeota,IIIb
1082,rifcsplowo2_12_scaffold_17178_2,Micrarchaeota,IIIb
1083,ncbi_ASMP01000003.1_19,Nanoarchaeota,IIIb
1084,ncbi_ASMP01000003.1_19,Nanoarchaeota,IIIb
1085,19ft_2_nophage_noknown_scaffold_9330_1,Pacearchaeota,IIIb
1086,19ft_2_nophage_noknown_scaffold_9330_1,Pacearchaeota,IIIb
1087,CG10_big_fil_rev_8_21_14_0.10_scaffold_139632_1,Pacearchaeota,IIIb
1088,CG10_big_fil_rev_8_21_14_0.10_scaffold_139632_1,Pacearchaeota,IIIb
1089,CG10_big_fil_rev_8_21_14_0.10_scaffold_92999_2,Pacearchaeota,IIIb
1090,CG10_big_fil_rev_8_21_14_0.10_scaffold_92999_2,Pacearchaeota,IIIb
1091,CG11_big_fil_rev_8_21_14_0.20_scaffold_64508_2,Pacearchaeota,IIIb
1092,CG11_big_fil_rev_8_21_14_0.20_scaffold_64508_2,Pacearchaeota,IIIb
1093,RBG_13_scaffold_259_7,Pacearchaeota,IIIb
1094,RBG_13_scaffold_259_7,Pacearchaeota,IIIb
1095,RifSed_csp2_10ft_3_scaffold_196980_2,Pacearchaeota,IIIb
1096,RifSed_csp2_10ft_3_scaffold_196980_2,Pacearchaeota,IIIb
1097,RifSed_csp2_13ft_2_scaffold_701908_1,Pacearchaeota,IIIb
1098,RifSed_csp2_13ft_2_scaffold_701908_1,Pacearchaeota,IIIb
1099,RifSed_csp2_16ft_3_scaffold_83149_1,Pacearchaeota,IIIb
1100,RifSed_csp2_16ft_3_scaffold_83149_1,Pacearchaeota,IIIb
1101,RifSed_csp2_19ft_3_scaffold_147407_1,Pacearchaeota,IIIb
1102,RifSed_csp2_19ft_3_scaffold_147407_1,Pacearchaeota,IIIb
1103,cg1_0.2_scaffold_82321_1,Pacearchaeota,IIIb
1104,cg1_0.2_scaffold_82321_1,Pacearchaeota,IIIb
1105,rifcsphigho2_01_scaffold_293991_4,Pacearchaeota,IIIb
1106,rifcsphigho2_01_scaffold_293991_4,Pacearchaeota,IIIb
1107,rifcsphigho2_01_scaffold_464599_1,Pacearchaeota,IIIb
1108,rifcsphigho2_01_scaffold_464599_1,Pacearchaeota,IIIb
1109,rifcsphigho2_01_scaffold_65352_11,Pacearchaeota,IIIb
1110,rifcsphigho2_01_scaffold_65352_11,Pacearchaeota,IIIb
1111,rifcsphigho2_01_scaffold_6966_11,Pacearchaeota,IIIb
1112,rifcsphigho2_01_scaffold_6966_11,Pacearchaeota,IIIb
1113,rifcsphigho2_01_scaffold_7201_13,Pacearchaeota,IIIb
1114,rifcsphigho2_01_scaffold_7201_13,Pacearchaeota,IIIb
1115,rifcsphigho2_01_scaffold_85698_3,Pacearchaeota,IIIb
1116,rifcsphigho2_01_scaffold_85698_3,Pacearchaeota,IIIb
1117,rifcsplowo2_01_scaffold_157232_1,Pacearchaeota,IIIb
1118,rifcsplowo2_01_scaffold_157232_1,Pacearchaeota,IIIb
1119,rifcsplowo2_01_scaffold_160892_4,Pacearchaeota,IIIb
1120,rifcsplowo2_01_scaffold_160892_4,Pacearchaeota,IIIb
1121,rifcsplowo2_01_scaffold_224073_1,Pacearchaeota,IIIb
1122,rifcsplowo2_01_scaffold_224073_1,Pacearchaeota,IIIb
1123,rifcsplowo2_01_scaffold_246509_2,Pacearchaeota,IIIb
1124,rifcsplowo2_01_scaffold_246509_2,Pacearchaeota,IIIb
1125,rifcsplowo2_01_scaffold_277111_1,Pacearchaeota,IIIb
1126,rifcsplowo2_01_scaffold_277111_1,Pacearchaeota,IIIb
1127,rifcsplowo2_01_scaffold_283644_2,Pacearchaeota,IIIb
1128,rifcsplowo2_01_scaffold_283644_2,Pacearchaeota,IIIb
1129,rifcsplowo2_01_scaffold_37901_5,Pacearchaeota,IIIb
1130,rifcsplowo2_01_scaffold_37901_5,Pacearchaeota,IIIb
1131,rifcsplowo2_01_scaffold_40614_6,Pacearchaeota,IIIb
1132,rifcsplowo2_01_scaffold_40614_6,Pacearchaeota,IIIb
1133,rifcsplowo2_01_scaffold_94273_4,Pacearchaeota,IIIb
1134,rifcsplowo2_01_scaffold_94273_4,Pacearchaeota,IIIb
1135,rifcsplowo2_01_sub10_scaffold_13483_3,Pacearchaeota,IIIb
1136,rifcsplowo2_01_sub10_scaffold_13483_3,Pacearchaeota,IIIb
1137,rifcsplowo2_01_sub10_scaffold_17928_1,Pacearchaeota,IIIb
1138,rifcsplowo2_01_sub10_scaffold_17928_1,Pacearchaeota,IIIb
1139,rifoxyb1_full_scaffold_13298_4,Pacearchaeota,IIIb
1140,rifoxyb1_full_scaffold_13298_4,Pacearchaeota,IIIb
1141,rifoxyd1_full_scaffold_41945_2,Pacearchaeota,IIIb
1142,rifoxyd1_full_scaffold_41945_2,Pacearchaeota,IIIb
1143,rifoxyd1_full_scaffold_4719_16,Pacearchaeota,IIIb
1144,rifoxyd1_full_scaffold_4719_16,Pacearchaeota,IIIb
1145,UBA153contig_35505_2,Woesearchaeota,IIIb
1146,UBA153contig_35505_2,Woesearchaeota,IIIb
1147,rifcsplowo2_01_scaffold_5191_1,Woesearchaeota,IIIb
1148,rifcsplowo2_01_scaffold_5191_1,Woesearchaeota,IIIb
1149,rifoxya1_full_scaffold_286_38,Woesearchaeota,IIIb
1150,rifoxya1_full_scaffold_286_38,Woesearchaeota,IIIb
1151,"gi|37087672|sp|O58677.1|RBL_PYRHO RecName: Full=Ribulose bisphosphate carboxylase; Short=RuBisCO >gi|85544442|pdb|2CWX|A Chain A, Crystal Structure Of Octameric Ribulose-1,5-bisphosphate Carboxylase/oxygenase (rubisco) From Pyrococcus Horikoshii Ot3 (form- 1 Crystal) >gi|85544443|pdb|2CWX|E Chain E, Crystal Structure Of Octameric Ribulose-1,5-bisphosphate Carboxylase/oxygenase (rubisco) From Pyrococcus Horikoshii Ot3 (form- 1 Crystal) >gi|85544481|pdb|2CXE|A Chain A, Crystal Structure Of Octameric Ribulose-1,5-bisphosphate Carboxylase/oxygenase (rubisco) From Pyrococcus Horikoshii Ot3 (form- 2 Crystal) >gi|85544482|pdb|2CXE|B Chain B, Crystal Structure Of Octameric Ribulose-1,5-bisphosphate Carboxylase/oxygenase (rubisco) From Pyrococcus Horikoshii Ot3 (form- 2 Crystal) >gi|85544483|pdb|2CXE|C Chain C, Crystal Structure Of Octameric Ribulose-1,5-bisphosphate Carboxylase/oxygenase (rubisco) From Pyrococcus Horikoshii Ot3 (form- 2 Crystal) >gi|85544484|pdb|2CXE|D Chain D, Crystal Structure Of Octameric Ribulose-1,5-bisphosphate Carboxylase/oxygenase (rubisco) From Pyrococcus Horikoshii Ot3 (form- 2 Crystal) >gi|109157440|pdb|2D69|A Chain A, Crystal Structure Of The Complex Of Sulfate Ion And Octameric Ribulose-1,5-Bisphosphate CarboxylaseOXYGENASE (RUBISCO) FROM Pyrococcus Horikoshii Ot3 (Form-2 Crystal) >gi|109157441|pdb|2D69|B Chain B, Crystal Structure Of The Complex Of Sulfate Ion And Octameric Ribulose-1,5-Bisphosphate CarboxylaseOXYGENASE (RUBISCO) FROM Pyrococcus Horikoshii Ot3 (Form-2 Crystal) >gi|109157442|pdb|2D69|D Chain D, Crystal Structure Of The Complex Of Sulfate Ion And Octameric Ribulose-1,5-Bisphosphate CarboxylaseOXYGENASE (RUBISCO) FROM Pyrococcus Horikoshii Ot3 (Form-2 Crystal) >gi|109157443|pdb|2D69|E Chain E, Crystal Structure Of The Complex Of Sulfate Ion And Octameric Ribulose-1,5-Bisphosphate CarboxylaseOXYGENASE (RUBISCO) FROM Pyrococcus Horikoshii Ot3 (Form-2 Crystal) >gi|3257353|dbj|BAA30036.1| 430aa long hypothetical ribulose 1,5-bisphosphate carboxylase large subunit [Pyrococcus horikoshii OT3]",reference,IIIb
1152,gi|492957519|ref|WP_006065604.1| type III ribulose-bisphosphate carboxylase [Natronorubrum bangense] >gi|445595674|gb|ELY49778.1| ribulose bisophosphate carboxylase [Natronorubrum bangense JCM 10635],reference,IIIb
1153,gi|493702239|ref|WP_006651990.1| type III ribulose-bisphosphate carboxylase [Natrialba hulunbeirensis] >gi|445641153|gb|ELY94236.1| ribulose bisophosphate carboxylase [Natrialba hulunbeirensis JCM 10989],reference,IIIb
1154,gi|495367766|ref|WP_008092479.1| MULTISPECIES: type III ribulose-bisphosphate carboxylase [Haloferax] >gi|445721631|gb|ELZ73299.1| ribulose bisophosphate carboxylase [Haloferax prahovense DSM 18310],reference,IIIb
1155,gwd2_scaffold_498_27,unknown,IIIb
1156,gwd2_scaffold_498_27,unknown,IIIb
1157,cg1_0.2_scaffold_64959_1,Falkowbacteria,IIIc
1158,cg1_0.2_scaffold_64959_1,Falkowbacteria,IIIc
1159,AR10.1_scaffold_1790_3,Gottesmanbacteria,IIIc
1160,AR10.1_scaffold_1790_3,Gottesmanbacteria,IIIc
1161,rifcsplowo2_01_scaffold_7182_31,Gottesmanbacteria,IIIc
1162,rifcsplowo2_01_scaffold_7182_31,Gottesmanbacteria,IIIc
1163,img_2698597071_3,Microgenomates,IIIc
1164,img_2698597071_3,Microgenomates,IIIc
1165,UBA1441contig_19953_11,Patescibacteria,IIIc
1166,UBA1441contig_19953_11,Patescibacteria,IIIc
1167,UBA6264contig_60200_23,Patescibacteria,IIIc
1168,UBA6264contig_60200_23,Patescibacteria,IIIc
1169,GWF1_WS6_37_7_1_127,Dojkabacteria,IIIlike
1170,GWF1_WS6_37_7_1_127,Dojkabacteria,IIIlike
1171,rifcsphigho2_02_scaffold_287381_2,Gottesmanbacteria,IIIlike
1172,rifcsphigho2_02_scaffold_287381_2,Gottesmanbacteria,IIIlike
1173,CG10_big_fil_rev_8_21_14_0.10_scaffold_9756_11,Pacearchaeota,IIIlike
1174,CG10_big_fil_rev_8_21_14_0.10_scaffold_9756_11,Pacearchaeota,IIIlike
1175,rifcsphigho2_01_scaffold_113321_3,Pacearchaeota,IIIlike
1176,rifcsphigho2_01_scaffold_113321_3,Pacearchaeota,IIIlike
1177,rifcsphigho2_01_scaffold_14826_13,Pacearchaeota,IIIlike
1178,rifcsphigho2_01_scaffold_14826_13,Pacearchaeota,IIIlike
1179,rifcsphigho2_02_scaffold_332588_3,Pacearchaeota,IIIlike
1180,rifcsphigho2_02_scaffold_332588_3,Pacearchaeota,IIIlike
1181,rifcsplowo2_01_scaffold_97081_1,Pacearchaeota,IIIlike
1182,rifcsplowo2_01_scaffold_97081_1,Pacearchaeota,IIIlike
1183,rifoxyd1_full_scaffold_35748_2,Pacearchaeota,IIIlike
1184,rifoxyd1_full_scaffold_35748_2,Pacearchaeota,IIIlike
1185,scaffold_31901_2_REF,reference,IIIlike
1186,scaffold_31901_2_REF,reference,IIIlike
1187,rifcsphigho2_01_scaffold_24034_3,Parcubacteria,IV
1188,rifcsphigho2_01_scaffold_24034_3,Parcubacteria,IV
1189,rifcsplowo2_12_scaffold_29845_1,Parcubacteria,IV
1190,rifcsplowo2_12_scaffold_29845_1,Parcubacteria,IV
1191,rifoxyc1_full_scaffold_13163_3,Parcubacteria,IV
1192,rifoxyc1_full_scaffold_13163_3,Parcubacteria,IV
1193,AAU16474_Bacillus_cereus_E33L_IV_Ykr_REF,reference,IV
1194,AAU16474_Bacillus_cereus_E33L_IV_Ykr_REF,reference,IV
1195,CAB13232_Bacillus_subtilis_subsp_subtilis_str_168_IV_Ykr_REF,reference,IV
1196,CAB13232_Bacillus_subtilis_subsp_subtilis_str_168_IV_Ykr_REF,reference,IV
1197,CAE27610_Rhodopseudomonas_palustris_CGA009_IV_DeepYk_REF,reference,IV
1198,CAE27610_Rhodopseudomonas_palustris_CGA009_IV_DeepYk_REF,reference,IV
1199,"gi|499790001|ref|WP_011470735.1| ribulose-bisphosphate carboxylase [Rhodopseudomonas palustris] >gi|90103790|gb|ABD85827.1| ribulose-1,5-bisphosphate carboxylase/oxygenase large subunit [Rhodopseudomonas palustris BisB18]",reference,IV
1200,YP_532057_Rhodopseudomonas_palustris_BisB18_IV_DeepYk_REF,reference,IV
1201,YP_532057_Rhodopseudomonas_palustris_BisB18_IV_DeepYk_REF,reference,IV
1202,CG_201501t_scaffold_2353_6_PHAGE,putative_phage,IVlike
1203,CG_201501t_scaffold_2353_6_PHAGE,putative_phage,IVlike
1204,mol3215fa040034_9,Micrarchaeota,unknown
1205,mol3215fa040034_9,Micrarchaeota,unknown
1206,rifcsphigho2_01_scaffold_100504_5,Micrarchaeota,unknown
1207,rifcsphigho2_01_scaffold_100504_5,Micrarchaeota,unknown
1208,ncbi_AWOG01000022.1_5,Nanoarchaeota,unknown
1209,ncbi_AWOG01000022.1_5,Nanoarchaeota,unknown
